storename,main_category,sub_category,item_name,item_price,item_info,item_unit,link
sri balaji indian market mnchen,tiere ,katze ,Jeden Tag Saftiges Ragout in Sauce mit Pute,€0.54,100 g,€5.40/kg,https://wolt.com/en/deu/munich/venue/sri-balaji-indian-market-mnchen/jeden-tag-saftiges-ragout-in-sauce-mit-pute-itemid-64ba924d64ce3d749aa9513a
sri balaji indian market mnchen,tiere ,katze ,Jeden Tag Junior Ragout mit Kalb & Geflügel,€0.54,100 g,€5.40/kg,https://wolt.com/en/deu/munich/venue/sri-balaji-indian-market-mnchen/jeden-tag-junior-ragout-mit-kalb-geflugel-itemid-64ba924d64ce3d749aa9513b
sri balaji indian market mnchen,tiere ,katze ,Jeden Tag Pastete mit Rind & Wild,€0.54,100 g,€5.40/kg,https://wolt.com/en/deu/munich/venue/sri-balaji-indian-market-mnchen/jeden-tag-pastete-mit-rind-wild-itemid-64ba924d64ce3d749aa9513c
sri balaji indian market mnchen,tiere ,katze ,Jeden Tag Pastete mit Forelle & Lachs,€0.54,100 g,€5.40/kg,https://wolt.com/en/deu/munich/venue/sri-balaji-indian-market-mnchen/jeden-tag-pastete-mit-forelle-lachs-itemid-64ba924d64ce3d749aa9513d
sri balaji indian market mnchen,tiere ,katze ,Jeden Tag Zarte Stücke Wild-Geflügel & Karotten,€1.30,415 g,€5.40/kg,https://wolt.com/en/deu/munich/venue/sri-balaji-indian-market-mnchen/jeden-tag-zarte-stucke-wild-geflugel-karotten-itemid-64ba924d64ce3d749aa9513e
sri balaji indian market mnchen,tiere ,katze ,Jeden Tag Zarte Stücke in Sauce mit Huhn,€1.30,415 g,€5.40/kg,https://wolt.com/en/deu/munich/venue/sri-balaji-indian-market-mnchen/jeden-tag-zarte-stucke-in-sauce-mit-huhn-itemid-64ba924d64ce3d749aa9513f
sri balaji indian market mnchen,tiere ,katze ,Whiskas mit Gefluegel in Sauce,€0.82,100 g,€5.40/kg,https://wolt.com/en/deu/munich/venue/sri-balaji-indian-market-mnchen/whiskas-mit-gefluegel-in-sauce-itemid-64b65b0b9f8651f346451818
sri balaji indian market mnchen,bier ,biermischgetranke ,Paulaner München Natur Radler,€1.42,"500 ml, 2.5% vol",€2.84/l,https://wolt.com/en/deu/munich/venue/sri-balaji-indian-market-mnchen/paulaner-munchen-natur-radler-itemid-64b65b0b9f8651f346451912
sri balaji indian market mnchen,tiere ,hund ,Jeden Tag Feine Pastete Rind & Leber,€1.18,300 g,€3.93/kg,https://wolt.com/en/deu/munich/venue/sri-balaji-indian-market-mnchen/jeden-tag-feine-pastete-rind-leber-itemid-64ba924d64ce3d749aa95137
sri balaji indian market mnchen,tiere ,hund ,Jeden Tag Feine Pastete Kalb & Geflüge,€1.18,300 g,€3.93/kg,https://wolt.com/en/deu/munich/venue/sri-balaji-indian-market-mnchen/jeden-tag-feine-pastete-kalb-gefluge-itemid-64ba924d64ce3d749aa95138
sri balaji indian market mnchen,tiere ,hund ,Jeden Tag Saftige Brocken Geflügel & Reis,€2.37,1.24 kg,€3.93/kg,https://wolt.com/en/deu/munich/venue/sri-balaji-indian-market-mnchen/jeden-tag-saftige-brocken-geflugel-reis-itemid-64ba924d64ce3d749aa95139
sri balaji indian market mnchen,tiere ,hund ,Pedigree Hunde-Nassfutter mit 3 Sorten Geflügel,€2.73,400 g,€3.93/kg,https://wolt.com/en/deu/munich/venue/sri-balaji-indian-market-mnchen/pedigree-hunde-nassfutter-mit-3-sorten-geflugel-itemid-64b65b0b9f8651f346451810
sri balaji indian market mnchen,haushalt technik ,haushaltsprodukte ,Paradiso Blumendünger Flüssig,€3.80,1 l,€3.80/l,https://wolt.com/en/deu/munich/venue/sri-balaji-indian-market-mnchen/paradiso-blumendunger-flussig-itemid-64ba924d64ce3d749aa950d9
sri balaji indian market mnchen,haushalt technik ,haushaltsprodukte ,Hofgut Obst & Gemüsenetze 3er,€2.96,1 pc,€3.80/l,https://wolt.com/en/deu/munich/venue/sri-balaji-indian-market-mnchen/hofgut-obst-gemusenetze-3er-itemid-64ba924d64ce3d749aa95195
sri balaji indian market mnchen,haushalt technik ,haushaltsprodukte ,Jeden Tag Biopapier Müllbeutel 10L,€1.77,1 pc,€3.80/l,https://wolt.com/en/deu/munich/venue/sri-balaji-indian-market-mnchen/jeden-tag-biopapier-mullbeutel-10l-itemid-64ba924d64ce3d749aa95189
sri balaji indian market mnchen,haushalt technik ,haushaltsprodukte ,Jeden Tag Müllbeutel mit Griff 60L 20er,€0.94,1 pc,€3.80/l,https://wolt.com/en/deu/munich/venue/sri-balaji-indian-market-mnchen/jeden-tag-mullbeutel-mit-griff-60l-20er-itemid-64ba924d64ce3d749aa95180
sri balaji indian market mnchen,haushalt technik ,haushaltsprodukte ,Jeden Tag Müllbeutel mit Griff 25L 30er,€0.94,1 pc,€3.80/l,https://wolt.com/en/deu/munich/venue/sri-balaji-indian-market-mnchen/jeden-tag-mullbeutel-mit-griff-25l-30er-itemid-64ba924d64ce3d749aa9517f
sri balaji indian market mnchen,haushalt technik ,haushaltsprodukte ,Stabfeuerzeug BBQ Fun,€2.01,1 pc,€3.80/l,https://wolt.com/en/deu/munich/venue/sri-balaji-indian-market-mnchen/stabfeuerzeug-bbq-fun-itemid-64ba924d64ce3d749aa9517e
sri balaji indian market mnchen,haushalt technik ,haushaltsprodukte ,Müller Kerzen Teelichter 30er,€3.56,1 pc,€3.80/l,https://wolt.com/en/deu/munich/venue/sri-balaji-indian-market-mnchen/muller-kerzen-teelichter-30er-itemid-64ba924d64ce3d749aa9517b
sri balaji indian market mnchen,haushalt technik ,haushaltsprodukte ,Jeden Tag Glasreiniger,€1.65,1 l,€3.80/l,https://wolt.com/en/deu/munich/venue/sri-balaji-indian-market-mnchen/jeden-tag-glasreiniger-itemid-64ba924d64ce3d749aa95176
sri balaji indian market mnchen,haushalt technik ,haushaltsprodukte ,Jeden Tag Scheuermilch,€1.30,750 ml,€3.80/l,https://wolt.com/en/deu/munich/venue/sri-balaji-indian-market-mnchen/jeden-tag-scheuermilch-itemid-64ba924d64ce3d749aa9516f
sri balaji indian market mnchen,haushalt technik ,haushaltsprodukte ,Jeden Tag Allzweckreiniger mit Citrusduft,€1.54,1 l,€3.80/l,https://wolt.com/en/deu/munich/venue/sri-balaji-indian-market-mnchen/jeden-tag-allzweckreiniger-mit-citrusduft-itemid-64ba924d64ce3d749aa95171
sri balaji indian market mnchen,haushalt technik ,haushaltsprodukte ,Jeden Tag Essigreiniger,€1.18,1 l,€3.80/l,https://wolt.com/en/deu/munich/venue/sri-balaji-indian-market-mnchen/jeden-tag-essigreiniger-itemid-64ba924d64ce3d749aa95172
sri balaji indian market mnchen,haushalt technik ,haushaltsprodukte ,Jeden Tag Vlies-Bodentücher,€1.77,1 pc,€3.80/l,https://wolt.com/en/deu/munich/venue/sri-balaji-indian-market-mnchen/jeden-tag-vlies-bodentucher-itemid-64ba924d64ce3d749aa9518f
sri balaji indian market mnchen,haushalt technik ,haushaltsprodukte ,Jeden Tag Microfaser-Universaltuch,€1.37,1 pc,€3.80/l,https://wolt.com/en/deu/munich/venue/sri-balaji-indian-market-mnchen/jeden-tag-microfaser-universaltuch-itemid-64ba924d64ce3d749aa95190
sri balaji indian market mnchen,haushalt technik ,haushaltsprodukte ,Jeden Tag Allzwecktuch 6er,€1.49,1 pc,€3.80/l,https://wolt.com/en/deu/munich/venue/sri-balaji-indian-market-mnchen/jeden-tag-allzwecktuch-6er-itemid-64ba924d64ce3d749aa9518e
sri balaji indian market mnchen,haushalt technik ,haushaltsprodukte ,Wecomat Kalk-Stop Wasserenthärter Tabs,€5.22,1 pc,€3.80/l,https://wolt.com/en/deu/munich/venue/sri-balaji-indian-market-mnchen/wecomat-kalk-stop-wasserentharter-tabs-itemid-64ba924d64ce3d749aa9517a
sri balaji indian market mnchen,haushalt technik ,haushaltsprodukte ,Paradiso Blumenerde,€3.08,20 l,€3.80/l,https://wolt.com/en/deu/munich/venue/sri-balaji-indian-market-mnchen/paradiso-blumenerde-itemid-64b65b0b9f8651f34645170f
sri balaji indian market mnchen,haushalt technik ,haushaltsprodukte ,Ajax Allzweckreiniger Frühlingsblume,€2.61,1 l,€3.80/l,https://wolt.com/en/deu/munich/venue/sri-balaji-indian-market-mnchen/ajax-allzweckreiniger-fruhlingsblume-itemid-64b65b0b9f8651f346451889
sri balaji indian market mnchen,haushalt technik ,haushaltsprodukte ,Ajax 3-Fach Aktiv Glasreiniger,€3.32,500 ml,€3.80/l,https://wolt.com/en/deu/munich/venue/sri-balaji-indian-market-mnchen/ajax-3-fach-aktiv-glasreiniger-itemid-64b65b0b9f8651f34645188a
sri balaji indian market mnchen,haushalt technik ,haushaltsprodukte ,3 Tages Wachsbrenner mit Golddeckel Rot,€2.01,169 g,€3.80/l,https://wolt.com/en/deu/munich/venue/sri-balaji-indian-market-mnchen/3-tages-wachsbrenner-mit-golddeckel-rot-itemid-64b65b0b9f8651f34645188e
sri balaji indian market mnchen,haushalt technik ,haushaltsprodukte ,Bref Power Backofen & Grill Reiniger,€5.22,500 ml,€3.80/l,https://wolt.com/en/deu/munich/venue/sri-balaji-indian-market-mnchen/bref-power-backofen-grill-reiniger-itemid-64b65b0b9f8651f34645188b
sri balaji indian market mnchen,haushalt technik ,haushaltsprodukte ,Der General Bodenreiniger Universal Bergfrühling,€2.96,750 ml,€3.80/l,https://wolt.com/en/deu/munich/venue/sri-balaji-indian-market-mnchen/der-general-bodenreiniger-universal-bergfruhling-itemid-64b65b0b9f8651f346451887
sri balaji indian market mnchen,haushalt technik ,technik ,TobaliQ Motivfeuerzeug Music Style,€0.60,21 g,€28.57/kg,https://wolt.com/en/deu/munich/venue/sri-balaji-indian-market-mnchen/tobaliq-motivfeuerzeug-music-style-itemid-64b65b0b9f8651f346451893
sri balaji indian market mnchen,haushalt technik ,technik ,UHU Stic Klebestift ohne Lösungsmittel,€3.20,21 g,€28.57/kg,https://wolt.com/en/deu/munich/venue/sri-balaji-indian-market-mnchen/uhu-stic-klebestift-ohne-losungsmittel-itemid-64b65b0b9f8651f346451895
sri balaji indian market mnchen,haushalt technik ,technik ,Jeden Tag Batterie Alkaline Mignon AA 4er,€1.61,1 pc,€28.57/kg,https://wolt.com/en/deu/munich/venue/sri-balaji-indian-market-mnchen/jeden-tag-batterie-alkaline-mignon-aa-4er-itemid-64ba924d64ce3d749aa9517d
sri balaji indian market mnchen,haushalt technik ,technik ,Jeden Tag Batterie Alkaline Micro AAA 4er,€1.65,1 pc,€28.57/kg,https://wolt.com/en/deu/munich/venue/sri-balaji-indian-market-mnchen/jeden-tag-batterie-alkaline-micro-aaa-4er-itemid-64ba924d64ce3d749aa9517c
sri balaji indian market mnchen,kaffee tee kakao ,kakao ,Nestlé Nesquik Kakaohaltiges Getränkepulver,€2.99,400 g,€7.48/kg,https://wolt.com/en/deu/munich/venue/sri-balaji-indian-market-mnchen/nestle-nesquik-kakaohaltiges-getrankepulver-itemid-64b65b0b9f8651f34645180d
sri balaji indian market mnchen,kaffee tee kakao ,kakao ,Bensdorp Kakao,€2.25,125 g,€7.48/kg,https://wolt.com/en/deu/munich/venue/sri-balaji-indian-market-mnchen/bensdorp-kakao-itemid-64b65b0b9f8651f34645180c
sri balaji indian market mnchen,aufstriche cerealien ,honig ,Langnese Sommerblütenhonig Goldklar,€4.51,250 g,€18.04/kg,https://wolt.com/en/deu/munich/venue/sri-balaji-indian-market-mnchen/langnese-sommerblutenhonig-goldklar-itemid-64b65b0b9f8651f3464517c1
sri balaji indian market mnchen,aufstriche cerealien ,honig ,Langnese Flotte Biene Gebirgsblütenhonig,€4.75,250 g,€18.04/kg,https://wolt.com/en/deu/munich/venue/sri-balaji-indian-market-mnchen/langnese-flotte-biene-gebirgsblutenhonig-itemid-64b65b0b9f8651f3464517c2
sri balaji indian market mnchen,drogerie hygiene ,hausapotheke ,Sunlife Vitamin C Brausetabletten 20er,€1.18,80 g,€14.75/kg,https://wolt.com/en/deu/munich/venue/sri-balaji-indian-market-mnchen/sunlife-vitamin-c-brausetabletten-20er-itemid-64b65b0b9f8651f3464517de
sri balaji indian market mnchen,drogerie hygiene ,hausapotheke ,Sunlife Magnesium Brausetabletten 20er,€1.18,80 g,€14.75/kg,https://wolt.com/en/deu/munich/venue/sri-balaji-indian-market-mnchen/sunlife-magnesium-brausetabletten-20er-itemid-64b65b0b9f8651f3464517dd
sri balaji indian market mnchen,drogerie hygiene ,hausapotheke ,Bad Heilbrunner Erkältungs-Tee Arzneitee,€2.37,16 g,€14.75/kg,https://wolt.com/en/deu/munich/venue/sri-balaji-indian-market-mnchen/bad-heilbrunner-erkaltungs-tee-arzneitee-itemid-64b65b0b9f8651f34645180b
sri balaji indian market mnchen,drogerie hygiene ,hausapotheke ,Hansaplast Universal Pflaster Wasserfest,€3.32,20 g,€14.75/kg,https://wolt.com/en/deu/munich/venue/sri-balaji-indian-market-mnchen/hansaplast-universal-pflaster-wasserfest-itemid-64b65b0b9f8651f34645186b
sri balaji indian market mnchen,konserven ,fisch ,Jeden Tag Thunfischfilet Natur,€2.37,195 g,€12.15/kg,https://wolt.com/en/deu/munich/venue/sri-balaji-indian-market-mnchen/jeden-tag-thunfischfilet-natur-itemid-64ba924d64ce3d749aa95120
sri balaji indian market mnchen,konserven ,fisch ,Jeden Tag Heringsfilet in Tomatencreme,€1.77,200 g,€12.15/kg,https://wolt.com/en/deu/munich/venue/sri-balaji-indian-market-mnchen/jeden-tag-heringsfilet-in-tomatencreme-itemid-64ba924d64ce3d749aa95121
sri balaji indian market mnchen,konserven ,fisch ,Jeden Tag Thunfischstücke in Gemüsesauce,€1.77,185 g,€12.15/kg,https://wolt.com/en/deu/munich/venue/sri-balaji-indian-market-mnchen/jeden-tag-thunfischstucke-in-gemusesauce-itemid-64ba924d64ce3d749aa95122
sri balaji indian market mnchen,konserven ,fisch ,Jeden Tag Heringsfilets in Körniger Senfcreme,€1.77,200 g,€12.15/kg,https://wolt.com/en/deu/munich/venue/sri-balaji-indian-market-mnchen/jeden-tag-heringsfilets-in-korniger-senfcreme-itemid-64ba924d64ce3d749aa95123
sri balaji indian market mnchen,konserven ,fisch ,Hawesta Heringsfilets in Toscana-Sauce,€2.37,200 g,€12.15/kg,https://wolt.com/en/deu/munich/venue/sri-balaji-indian-market-mnchen/hawesta-heringsfilets-in-toscana-sauce-itemid-64b65b0b9f8651f3464517e3
sri balaji indian market mnchen,konserven ,wurst ,Lutz Delikatess Leberwurst,€1.49,125 g,€11.92/kg,https://wolt.com/en/deu/munich/venue/sri-balaji-indian-market-mnchen/lutz-delikatess-leberwurst-itemid-64ba924d64ce3d749aa95124
sri balaji indian market mnchen,konserven ,wurst ,Lutz Jagdwurst,€1.49,125 g,€11.92/kg,https://wolt.com/en/deu/munich/venue/sri-balaji-indian-market-mnchen/lutz-jagdwurst-itemid-64ba924d64ce3d749aa95125
sri balaji indian market mnchen,konserven ,wurst ,Lutz Bierwurst,€1.49,125 g,€11.92/kg,https://wolt.com/en/deu/munich/venue/sri-balaji-indian-market-mnchen/lutz-bierwurst-itemid-64b65b0b9f8651f3464517e7
sri balaji indian market mnchen,konserven ,wurst ,Jeden Tag Bockwürste,€3.32,380 g,€11.92/kg,https://wolt.com/en/deu/munich/venue/sri-balaji-indian-market-mnchen/jeden-tag-bockwurste-itemid-64ba924d64ce3d749aa95126
sri balaji indian market mnchen,konserven ,wurst ,Meica Wiener Würstchen 6er,€3.20,250 g,€11.92/kg,https://wolt.com/en/deu/munich/venue/sri-balaji-indian-market-mnchen/meica-wiener-wurstchen-6er-itemid-64b65b0b9f8651f346451718
sri balaji indian market mnchen,drogerie hygiene ,frauenhygiene ,Jeden Tag Slipeinlagen Lang 32er,€1.77,1 pc,€1.77/pc,https://wolt.com/en/deu/munich/venue/sri-balaji-indian-market-mnchen/jeden-tag-slipeinlagen-lang-32er-itemid-64ba924d64ce3d749aa9515d
sri balaji indian market mnchen,drogerie hygiene ,frauenhygiene ,Jeden Tag Ultrabinden Nacht Plus 14er,€1.73,1 pc,€1.77/pc,https://wolt.com/en/deu/munich/venue/sri-balaji-indian-market-mnchen/jeden-tag-ultrabinden-nacht-plus-14er-itemid-64ba924d64ce3d749aa9515e
sri balaji indian market mnchen,drogerie hygiene ,frauenhygiene ,Jeden Tag Damenbinden Maxi Normal 20er,€1.30,1 pc,€1.77/pc,https://wolt.com/en/deu/munich/venue/sri-balaji-indian-market-mnchen/jeden-tag-damenbinden-maxi-normal-20er-itemid-64ba924d64ce3d749aa9515f
sri balaji indian market mnchen,drogerie hygiene ,frauenhygiene ,Jeden Tag Slipeinlagen Normal 45er,€1.89,1 pc,€1.77/pc,https://wolt.com/en/deu/munich/venue/sri-balaji-indian-market-mnchen/jeden-tag-slipeinlagen-normal-45er-itemid-64ba924d64ce3d749aa95160
sri balaji indian market mnchen,drogerie hygiene ,frauenhygiene ,O.B. Tampons Pro Comfort Super 16er,€4.27,50 g,€1.77/pc,https://wolt.com/en/deu/munich/venue/sri-balaji-indian-market-mnchen/o-b-tampons-pro-comfort-super-16er-itemid-64b65b0b9f8651f346451862
sri balaji indian market mnchen,drogerie hygiene ,frauenhygiene ,O.B. Pro Comfort Tampons Mini,€2.49,29 g,€1.77/pc,https://wolt.com/en/deu/munich/venue/sri-balaji-indian-market-mnchen/o-b-pro-comfort-tampons-mini-itemid-64b65b0b9f8651f346451861
sri balaji indian market mnchen,drogerie hygiene ,frauenhygiene ,Always Ultra Damenbinde Normal,€7.01,111 g,€1.77/pc,https://wolt.com/en/deu/munich/venue/sri-balaji-indian-market-mnchen/always-ultra-damenbinde-normal-itemid-64b65b0b9f8651f346451866
sri balaji indian market mnchen,drogerie hygiene ,frauenhygiene ,Carefree Slipeinlagen Cotton Feel Normal,€4.75,116 g,€1.77/pc,https://wolt.com/en/deu/munich/venue/sri-balaji-indian-market-mnchen/carefree-slipeinlagen-cotton-feel-normal-itemid-64b65b0b9f8651f346451869
sri balaji indian market mnchen,drogerie hygiene ,frauenhygiene ,Camelia Maxi-Binden Nacht,€3.20,279 g,€1.77/pc,https://wolt.com/en/deu/munich/venue/sri-balaji-indian-market-mnchen/camelia-maxi-binden-nacht-itemid-64b65b0b9f8651f346451868
penny neuhausen,tiere ,andere tiere ,Tiersnacks,€0.99,85 g,€11.65/kg,https://wolt.com/en/deu/munich/venue/penny-neuhausen/tiersnacks-itemid-6488740b6ccfdc5108a090fa
penny neuhausen,baby ,windeln pflege ,Babytime Gr.5 Windeln Pants ,€4.95,20 pcs,€0.25/pc,https://wolt.com/en/deu/munich/venue/penny-neuhausen/babytime-gr-5-windeln-pants-itemid-6488740b6ccfdc5108a0830f
penny neuhausen,baby ,windeln pflege ,Babytime Reinigungstücher Gesicht & Hände 25 Stk,€0.99,25 pcs,€0.25/pc,https://wolt.com/en/deu/munich/venue/penny-neuhausen/babytime-reinigungstucher-gesicht-hande-25-stk-itemid-6488740b6ccfdc5108a08308
penny neuhausen,baby ,windeln pflege ,Babytime Feuchttücher Sensitiv 2 x 80 Stk,€1.95,160 pcs,€0.25/pc,https://wolt.com/en/deu/munich/venue/penny-neuhausen/babytime-feuchttucher-sensitiv-2-x-80-stk-itemid-6488740b6ccfdc5108a082e3
penny neuhausen,baby ,windeln pflege ,Penaten Pflegecreme Gesicht & Körper,€2.95,100 ml,€0.25/pc,https://wolt.com/en/deu/munich/venue/penny-neuhausen/penaten-pflegecreme-gesicht-korper-itemid-6488740b6ccfdc5108a08b01
penny neuhausen,baby ,windeln pflege ,Penaten Babyöl Intensiv ,€2.99,200 ml,€0.25/pc,https://wolt.com/en/deu/munich/venue/penny-neuhausen/penaten-babyol-intensiv-itemid-6488740b6ccfdc5108a08205
penny neuhausen,baby ,windeln pflege ,Colutti Kids Duschgel und Shampoo Cherry ,€1.39,500 ml,€0.25/pc,https://wolt.com/en/deu/munich/venue/penny-neuhausen/colutti-kids-duschgel-und-shampoo-cherry-itemid-6488740b6ccfdc5108a08583
penny neuhausen,baby ,windeln pflege ,Colutti Kids Shower & Shampoo Watermelone ,€1.39,500 ml,€0.25/pc,https://wolt.com/en/deu/munich/venue/penny-neuhausen/colutti-kids-shower-shampoo-watermelone-itemid-6488740b6ccfdc5108a0859c
penny neuhausen,baby ,windeln pflege ,Bebe Zartcreme Baby Cream,€1.99,150 ml,€0.25/pc,https://wolt.com/en/deu/munich/venue/penny-neuhausen/bebe-zartcreme-baby-cream-itemid-6488740b6ccfdc5108a0893b
penny neuhausen,baby ,windeln pflege ,Penaten Babypflege-Creme,€2.49,50 ml,€0.25/pc,https://wolt.com/en/deu/munich/venue/penny-neuhausen/penaten-babypflege-creme-itemid-6488740b6ccfdc5108a09055
penny neuhausen,baby ,windeln pflege ,Bübchen Shampoo & Duschgel Sportsfreund,€1.89,230 ml,€0.25/pc,https://wolt.com/en/deu/munich/venue/penny-neuhausen/bubchen-shampoo-duschgel-sportsfreund-itemid-6488740b6ccfdc5108a082ac
penny neuhausen,baby ,windeln pflege ,"Bübchen Shampoo, Duschgel & Spülung Meereszauber",€1.89,230 ml,€0.25/pc,https://wolt.com/en/deu/munich/venue/penny-neuhausen/bubchen-shampoo-duschgel-spulung-meereszauber-itemid-6488740b6ccfdc5108a08251
penny neuhausen,baby ,windeln pflege ,Bübchen 3in1 Shampoo & Duschgel + Spülung Meereszauber,€1.89,230 ml,€0.25/pc,https://wolt.com/en/deu/munich/venue/penny-neuhausen/bubchen-3in1-shampoo-duschgel-spulung-meereszauber-itemid-6488740b6ccfdc5108a0888d
penny neuhausen,baby ,windeln pflege ,Bübchen Kids 2in1 Shampoo & Duschgel Sportsfreund,€1.89,230 ml,€0.25/pc,https://wolt.com/en/deu/munich/venue/penny-neuhausen/bubchen-kids-2in1-shampoo-duschgel-sportsfreund-itemid-6488740b6ccfdc5108a088b0
penny neuhausen,baby ,windeln pflege ,Pampers Feuchttuecher Sensitive,€1.45,347 g,€0.25/pc,https://wolt.com/en/deu/munich/venue/penny-neuhausen/pampers-feuchttuecher-sensitive-itemid-6488740b6ccfdc5108a0905a
flink blutenburgstr,katze hund ,hunde ,Beneful Trockenfutter mit Rind,€6.59,1.4 kg,€4.71/kg,https://wolt.com/en/deu/munich/venue/flink-blutenburgstr/beneful-trockenfutter-mit-rind-itemid-65942a6eea8eb83ede4e7297
flink blutenburgstr,katze hund ,hunde ,ZooRoyal Hundesnack Kauknoten,€2.99,7 pcs,€4.71/kg,https://wolt.com/en/deu/munich/venue/flink-blutenburgstr/zooroyal-hundesnack-kauknoten-itemid-65942a6eea8eb83ede4e7368
flink blutenburgstr,katze hund ,hunde ,ZooRoyal Huhn mit Zucchini & Möhren,€2.49,400 g,€4.71/kg,https://wolt.com/en/deu/munich/venue/flink-blutenburgstr/zooroyal-huhn-mit-zucchini-mohren-itemid-65942a6eea8eb83ede4e73a0
flink blutenburgstr,katze hund ,hunde ,ZooRoyal Rind mit Kartoffeln & Möhren,€2.49,400 g,€4.71/kg,https://wolt.com/en/deu/munich/venue/flink-blutenburgstr/zooroyal-rind-mit-kartoffeln-mohren-itemid-65942a6eea8eb83ede4e7330
flink blutenburgstr,katze hund ,hunde ,Frolic Hundesnack mit Geflügel 180g,€1.79,180 g,€4.71/kg,https://wolt.com/en/deu/munich/venue/flink-blutenburgstr/frolic-hundesnack-mit-geflugel-180g-itemid-6629259a7c8e7b3bbb27c647
flink blutenburgstr,katze hund ,hunde ,"ZooRoyal saftige Ringe Rind 1,5kg",€3.79,1.5 kg,€4.71/kg,https://wolt.com/en/deu/munich/venue/flink-blutenburgstr/zooroyal-saftige-ringe-rind-1-5kg-itemid-6629259a7c8e7b3bbb27c648
flink blutenburgstr,katze hund ,hunde ,Vitakraft Hundekotbeutel Shit Happens 3 Stück,€2.69,78 g,€4.71/kg,https://wolt.com/en/deu/munich/venue/flink-blutenburgstr/vitakraft-hundekotbeutel-shit-happens-3-stuck-itemid-6629259a7c8e7b3bbb27c649
flink blutenburgstr,katze hund ,hunde ,Vitakraft Kaustangen pure Chicken 80g,€2.79,80 g,€4.71/kg,https://wolt.com/en/deu/munich/venue/flink-blutenburgstr/vitakraft-kaustangen-pure-chicken-80g-itemid-6629259a7c8e7b3bbb27c64a
flink blutenburgstr,katze hund ,hunde ,Vitakraft pure Chicken Filets 80g,€2.79,80 g,€4.71/kg,https://wolt.com/en/deu/munich/venue/flink-blutenburgstr/vitakraft-pure-chicken-filets-80g-itemid-6629259a7c8e7b3bbb27c64b
flink blutenburgstr,katze hund ,hunde ,Pedigree 3 Sorten Geflügel 800g,€3.69,800 g,€4.71/kg,https://wolt.com/en/deu/munich/venue/flink-blutenburgstr/pedigree-3-sorten-geflugel-800g-itemid-6629259a7c8e7b3bbb27c7bf
flink blutenburgstr,katze hund ,hunde ,Pedigree Denta Stix Daily Oral Care 10-25kg 128 g,€2.29,128 g,€4.71/kg,https://wolt.com/en/deu/munich/venue/flink-blutenburgstr/pedigree-denta-stix-daily-oral-care-10-25kg-128-g-itemid-6629259a7c8e7b3bbb27c7c0
sri balaji indian market mnchen,tiefkuhl ,backwaren und kuchen ,Coppenrath & Wiese Apfelstrudel,€4.27,600 g,€7.12/kg,https://wolt.com/en/deu/munich/venue/sri-balaji-indian-market-mnchen/coppenrath-wiese-apfelstrudel-itemid-64b65b0b9f8651f346451763
flink blutenburgstr,katze hund ,katzen ,Felix Nassfutter Vielfalt mit Gemüse,€7.29,12 pcs,€0.61/pc,https://wolt.com/en/deu/munich/venue/flink-blutenburgstr/felix-nassfutter-vielfalt-mit-gemuse-itemid-65942a6eea8eb83ede4e704f
flink blutenburgstr,katze hund ,katzen ,Felix Nassfutter Vielfalt vom Land,€7.29,12 pcs,€0.61/pc,https://wolt.com/en/deu/munich/venue/flink-blutenburgstr/felix-nassfutter-vielfalt-vom-land-itemid-65942a6eea8eb83ede4e70a7
flink blutenburgstr,katze hund ,katzen ,Purina One Trockenfutter Adult Huhn & Vollkorn-Getreide,€5.89,750 g,€0.61/pc,https://wolt.com/en/deu/munich/venue/flink-blutenburgstr/purina-one-trockenfutter-adult-huhn-vollkorn-getreide-itemid-65942a6eea8eb83ede4e709c
flink blutenburgstr,katze hund ,katzen ,Purina One Trockenfutter 7 Jahre Huhn und Vollkorn-Getreide,€5.89,800 g,€0.61/pc,https://wolt.com/en/deu/munich/venue/flink-blutenburgstr/purina-one-trockenfutter-7-jahre-huhn-und-vollkorn-getreide-itemid-65942a6eea8eb83ede4e7211
flink blutenburgstr,katze hund ,katzen ,ZooRoyal Vital Menü Adult,€3.19,750 g,€0.61/pc,https://wolt.com/en/deu/munich/venue/flink-blutenburgstr/zooroyal-vital-menu-adult-itemid-65942a6eea8eb83ede4e7367
flink blutenburgstr,katze hund ,katzen ,ZooRoyal Katzen Grillies mit Lachs,€1.89,40 g,€0.61/pc,https://wolt.com/en/deu/munich/venue/flink-blutenburgstr/zooroyal-katzen-grillies-mit-lachs-itemid-65942a6eea8eb83ede4e734d
flink blutenburgstr,katze hund ,katzen ,ZooRoyal Ultra Klump-Streu,€5.69,6 l,€0.61/pc,https://wolt.com/en/deu/munich/venue/flink-blutenburgstr/zooroyal-ultra-klump-streu-itemid-65942a6eea8eb83ede4e7386
flink blutenburgstr,katze hund ,katzen ,ZooRoyal Katze Hygienestreu,€6.79,10 l,€0.61/pc,https://wolt.com/en/deu/munich/venue/flink-blutenburgstr/zooroyal-katze-hygienestreu-itemid-65942a6eea8eb83ede4e7508
flink blutenburgstr,katze hund ,katzen ,Felix Nassfutter Vielfalt aus dem Wasser 12x85g,€7.29,1.02 kg,€0.61/pc,https://wolt.com/en/deu/munich/venue/flink-blutenburgstr/felix-nassfutter-vielfalt-aus-dem-wasser-12x85g-itemid-65942a6eea8eb83ede4e7953
flink blutenburgstr,katze hund ,katzen ,Felix Soup gemischte Vielfalt 10x85g,€3.29,850 g,€0.61/pc,https://wolt.com/en/deu/munich/venue/flink-blutenburgstr/felix-soup-gemischte-vielfalt-10x85g-itemid-65942a6eea8eb83ede4e7a81
flink blutenburgstr,katze hund ,katzen ,Felix Nassfutter Sensations Gelees aus dem Wasser 12x85g,€7.29,1.02 kg,€0.61/pc,https://wolt.com/en/deu/munich/venue/flink-blutenburgstr/felix-nassfutter-sensations-gelees-aus-dem-wasser-12x85g-itemid-65942a6eea8eb83ede4e7b0a
flink blutenburgstr,katze hund ,katzen ,Sheba Portionsbeutel Multipack Fresh & Fine in Sauce mit Huhn und mit Truthahn 6x50g,€3.49,300 g,€0.61/pc,https://wolt.com/en/deu/munich/venue/flink-blutenburgstr/sheba-portionsbeutel-multipack-fresh-fine-in-sauce-mit-huhn-und-mit-truthahn-6x50g-itemid-6629259a7c8e7b3bbb27c64c
flink blutenburgstr,katze hund ,katzen ,Whiskas Knuspertaschen Becher mit Huhn und Käse 60g,€2.09,60 g,€0.61/pc,https://wolt.com/en/deu/munich/venue/flink-blutenburgstr/whiskas-knuspertaschen-becher-mit-huhn-und-kase-60g-itemid-6629259a7c8e7b3bbb27c64d
flink blutenburgstr,katze hund ,angebote ,Ahoj Brause Himbeere,€1.79,330 ml,€5.42/l,https://wolt.com/en/deu/munich/venue/flink-blutenburgstr/ahoj-brause-himbeere-itemid-6694601741a2c490b3d77554
flink blutenburgstr,katze hund ,angebote ,"Orangina Original 0,33l",€1.49,330 ml,€5.42/l,https://wolt.com/en/deu/munich/venue/flink-blutenburgstr/orangina-original-0-33l-itemid-6694601741a2c490b3d77556
flink blutenburgstr,katze hund ,angebote ,"Franziskaner Weißbier Naturtrüb 0,5l",€1.49,"500 ml, 5% vol",€5.42/l,https://wolt.com/en/deu/munich/venue/flink-blutenburgstr/franziskaner-weissbier-naturtrub-0-5l-itemid-6694601741a2c490b3d77557
flink blutenburgstr,katze hund ,angebote ,"Franziskaner Weissbier Alkoholfrei 0,5l",€1.59,"500 ml, 0.4% vol",€5.42/l,https://wolt.com/en/deu/munich/venue/flink-blutenburgstr/franziskaner-weissbier-alkoholfrei-0-5l-itemid-6694601741a2c490b3d77558
flink blutenburgstr,katze hund ,angebote ,True Fruits Smoothie Yellow,€3.79,250 ml,€5.42/l,https://wolt.com/en/deu/munich/venue/flink-blutenburgstr/true-fruits-smoothie-yellow-itemid-6694601741a2c490b3d77559
flink blutenburgstr,katze hund ,angebote ,True Fruits Smoothie Pink,€3.79,250 ml,€5.42/l,https://wolt.com/en/deu/munich/venue/flink-blutenburgstr/true-fruits-smoothie-pink-itemid-6694601741a2c490b3d7755a
flink blutenburgstr,katze hund ,angebote ,True Fruits Smoothie Purple,€3.79,250 ml,€5.42/l,https://wolt.com/en/deu/munich/venue/flink-blutenburgstr/true-fruits-smoothie-purple-itemid-6694601741a2c490b3d7755b
flink blutenburgstr,katze hund ,angebote ,True Fruits Smoothie Green No. 1 250ml,€3.79,250 ml,€5.42/l,https://wolt.com/en/deu/munich/venue/flink-blutenburgstr/true-fruits-smoothie-green-no-1-250ml-itemid-6694601741a2c490b3d7755c
flink blutenburgstr,katze hund ,angebote ,Rewe Beste Wahl Oliven mit Knoblauch 150g,€2.49,150 g,€5.42/l,https://wolt.com/en/deu/munich/venue/flink-blutenburgstr/rewe-beste-wahl-oliven-mit-knoblauch-150g-itemid-6694601741a2c490b3d7755e
flink blutenburgstr,katze hund ,angebote ,Rewe Beste Wahl Olivenmix 150g,€2.49,150 g,€5.42/l,https://wolt.com/en/deu/munich/venue/flink-blutenburgstr/rewe-beste-wahl-olivenmix-150g-itemid-6694601741a2c490b3d7755f
flink blutenburgstr,katze hund ,angebote ,Rewe Beste Wahl Fuet Scheiben 100g,€3.19,100 g,€5.42/l,https://wolt.com/en/deu/munich/venue/flink-blutenburgstr/rewe-beste-wahl-fuet-scheiben-100g-itemid-6694601741a2c490b3d77560
flink blutenburgstr,katze hund ,angebote ,Arla Finello Gratinkäse Gerieben,€3.59,150 g,€5.42/l,https://wolt.com/en/deu/munich/venue/flink-blutenburgstr/arla-finello-gratinkase-gerieben-itemid-6694601741a2c490b3d77564
flink blutenburgstr,katze hund ,angebote ,Milram Müritzer Scheiben,€3.19,150 g,€5.42/l,https://wolt.com/en/deu/munich/venue/flink-blutenburgstr/milram-muritzer-scheiben-itemid-6694601741a2c490b3d77565
flink blutenburgstr,katze hund ,angebote ,Milram Müritzer herzhaft 150g,€3.69,150 g,€5.42/l,https://wolt.com/en/deu/munich/venue/flink-blutenburgstr/milram-muritzer-herzhaft-150g-itemid-6694601741a2c490b3d77567
flink blutenburgstr,katze hund ,angebote ,"Becks Pils 6x0,33l",€6.79,"6 pcs, 4.9% vol",€5.42/l,https://wolt.com/en/deu/munich/venue/flink-blutenburgstr/becks-pils-6x0-33l-itemid-6694601741a2c490b3d77569
flink blutenburgstr,katze hund ,angebote ,"Becks Ice 6x0,33l",€7.89,"6 pcs, 2.5% vol",€5.42/l,https://wolt.com/en/deu/munich/venue/flink-blutenburgstr/becks-ice-6x0-33l-itemid-6694601741a2c490b3d7756a
flink blutenburgstr,katze hund ,angebote ,"Bree Spritz, Typ Limoncello 0,25l",€2.89,"250 ml, 10% vol",€5.42/l,https://wolt.com/en/deu/munich/venue/flink-blutenburgstr/bree-spritz-typ-limoncello-0-25l-itemid-6694601741a2c490b3d7756c
flink blutenburgstr,katze hund ,angebote ,"Bree Spritz Aperitivo 0,25l",€2.89,"250 ml, 10% vol",€5.42/l,https://wolt.com/en/deu/munich/venue/flink-blutenburgstr/bree-spritz-aperitivo-0-25l-itemid-6694601741a2c490b3d7756d
flink blutenburgstr,katze hund ,angebote ,Corny Schoko-Banane,€2.19,150 g,€5.42/l,https://wolt.com/en/deu/munich/venue/flink-blutenburgstr/corny-schoko-banane-itemid-6694601741a2c490b3d7756e
flink blutenburgstr,katze hund ,angebote ,Corny Free Schoko,€2.19,120 g,€5.42/l,https://wolt.com/en/deu/munich/venue/flink-blutenburgstr/corny-free-schoko-itemid-6694601741a2c490b3d7756f
flink blutenburgstr,katze hund ,angebote ,Corny Schoko,€2.19,150 g,€5.42/l,https://wolt.com/en/deu/munich/venue/flink-blutenburgstr/corny-schoko-itemid-6694601741a2c490b3d77570
flink blutenburgstr,katze hund ,angebote ,Rewe Feine Welt Kartoffelchips mit Trüffelgeschmack 100g,€1.99,100 g,€5.42/l,https://wolt.com/en/deu/munich/venue/flink-blutenburgstr/rewe-feine-welt-kartoffelchips-mit-truffelgeschmack-100g-itemid-6694601741a2c490b3d77571
flink blutenburgstr,katze hund ,angebote ,Rewe Beste Wahl Linsen Chips 90g,€1.69,90 g,€5.42/l,https://wolt.com/en/deu/munich/venue/flink-blutenburgstr/rewe-beste-wahl-linsen-chips-90g-itemid-6694601741a2c490b3d77572
flink blutenburgstr,katze hund ,angebote ,Rewe Beste Wahl geröstete Mandeln ohne Salz 150g,€3.49,150 g,€5.42/l,https://wolt.com/en/deu/munich/venue/flink-blutenburgstr/rewe-beste-wahl-gerostete-mandeln-ohne-salz-150g-itemid-6694601741a2c490b3d77574
flink blutenburgstr,katze hund ,angebote ,Magnum Double Starchaser 255ml,€4.59,255 ml,€5.42/l,https://wolt.com/en/deu/munich/venue/flink-blutenburgstr/magnum-double-starchaser-255ml-itemid-6694601741a2c490b3d77575
flink blutenburgstr,katze hund ,angebote ,Magnum Mini Mix Classic Almond White,€4.59,330 ml,€5.42/l,https://wolt.com/en/deu/munich/venue/flink-blutenburgstr/magnum-mini-mix-classic-almond-white-itemid-6694601741a2c490b3d77576
flink blutenburgstr,katze hund ,angebote ,Magnum Double Gold Caramel Billionaire 255ml,€4.59,255 ml,€5.42/l,https://wolt.com/en/deu/munich/venue/flink-blutenburgstr/magnum-double-gold-caramel-billionaire-255ml-itemid-6694601741a2c490b3d77577
flink blutenburgstr,katze hund ,angebote ,Magnum Mandel 100 ml,€5.79,600 ml,€5.42/l,https://wolt.com/en/deu/munich/venue/flink-blutenburgstr/magnum-mandel-100-ml-itemid-6694601741a2c490b3d7757a
flink blutenburgstr,katze hund ,angebote ,Magnum Vegan Almond,€4.59,270 ml,€5.42/l,https://wolt.com/en/deu/munich/venue/flink-blutenburgstr/magnum-vegan-almond-itemid-6694601741a2c490b3d7757b
flink blutenburgstr,katze hund ,angebote ,Rewe Bio Tahini Hummus,€2.69,150 g,€5.42/l,https://wolt.com/en/deu/munich/venue/flink-blutenburgstr/rewe-bio-tahini-hummus-itemid-6694601741a2c490b3d7757c
flink blutenburgstr,katze hund ,angebote ,Hela Curry-Gewürzketchup delikat,€4.79,800 ml,€5.42/l,https://wolt.com/en/deu/munich/venue/flink-blutenburgstr/hela-curry-gewurzketchup-delikat-itemid-6694601741a2c490b3d7757d
flink blutenburgstr,katze hund ,angebote ,Hela Curry Gewürz Ketchup Scharf 800ml,€3.89,800 ml,€5.42/l,https://wolt.com/en/deu/munich/venue/flink-blutenburgstr/hela-curry-gewurz-ketchup-scharf-800ml-itemid-6694601741a2c490b3d7757e
flink blutenburgstr,katze hund ,angebote ,Corny Haferkraft Zero Kakao 140g,€2.19,140 g,€5.42/l,https://wolt.com/en/deu/munich/venue/flink-blutenburgstr/corny-haferkraft-zero-kakao-140g-itemid-6694601741a2c490b3d7757f
flink blutenburgstr,katze hund ,angebote ,Miraval Rosé by Brad Pitt & Famille Perrin AOP,€24.99,"750 ml, 13% vol",€5.42/l,https://wolt.com/en/deu/munich/venue/flink-blutenburgstr/miraval-rose-by-brad-pitt-famille-perrin-aop-itemid-6694601741a2c490b3d77580
flink blutenburgstr,katze hund ,angebote ,Toilettenpapier Zewa Smart 3-lagig 300 Blatt,€6.59,4 pcs,€5.42/l,https://wolt.com/en/deu/munich/venue/flink-blutenburgstr/toilettenpapier-zewa-smart-3-lagig-300-blatt-itemid-6694601741a2c490b3d77581
flink blutenburgstr,katze hund ,angebote ,Tempo Feucht Sanft & Pflegend,€3.19,42 pcs,€5.42/l,https://wolt.com/en/deu/munich/venue/flink-blutenburgstr/tempo-feucht-sanft-pflegend-itemid-6694601741a2c490b3d77582
flink blutenburgstr,katze hund ,angebote ,Coral Colorwaschmittel flüssig 23WL,€6.29,23 pcs,€5.42/l,https://wolt.com/en/deu/munich/venue/flink-blutenburgstr/coral-colorwaschmittel-flussig-23wl-itemid-6694601741a2c490b3d77583
flink blutenburgstr,katze hund ,angebote ,Coral Fein- und Wollwaschmittel Black Velvet 23WL,€6.29,23 pcs,€5.42/l,https://wolt.com/en/deu/munich/venue/flink-blutenburgstr/coral-fein-und-wollwaschmittel-black-velvet-23wl-itemid-6694601741a2c490b3d77584
flink blutenburgstr,katze hund ,angebote ,Ortel Smart World M+,€11.59,1 pc,€5.42/l,https://wolt.com/en/deu/munich/venue/flink-blutenburgstr/ortel-smart-world-m-itemid-6694601741a2c490b3d77585
flink blutenburgstr,katze hund ,angebote ,Freche Freunde Bio Fruchtchips Erdbeere,€2.59,12 g,€5.42/l,https://wolt.com/en/deu/munich/venue/flink-blutenburgstr/freche-freunde-bio-fruchtchips-erdbeere-itemid-6694601741a2c490b3d77586
flink blutenburgstr,fitness ,essentials ,Followfish MSC Thunfisch-Filets Natur,€4.69,130 g,€36.08/kg,https://wolt.com/en/deu/munich/venue/flink-blutenburgstr/followfish-msc-thunfisch-filets-natur-itemid-65942a6eea8eb83ede4e6ebe
flink blutenburgstr,fitness ,essentials ,Gervais Hüttenkäse Original,€1.99,200 g,€36.08/kg,https://wolt.com/en/deu/munich/venue/flink-blutenburgstr/gervais-huttenkase-original-itemid-65942a6eea8eb83ede4e6f45
flink blutenburgstr,fitness ,desserts ,Ehrmann High Protein Mousse Choco,€2.29,200 g,€11.45/kg,https://wolt.com/en/deu/munich/venue/flink-blutenburgstr/ehrmann-high-protein-mousse-choco-itemid-65942a6eea8eb83ede4e7156
flink blutenburgstr,fitness ,nahrungserganzungsmittel ,Doppelherz Vitamin D 2000 I.E. Tbl.,€5.49,50 pcs,€0.11/pc,https://wolt.com/en/deu/munich/venue/flink-blutenburgstr/doppelherz-vitamin-d-2000-i-e-tbl-itemid-65942a6eea8eb83ede4e7302
flink blutenburgstr,fitness ,protein geschmackspulver ,Power System Whey Protein Schoko 420g,€14.99,420 g,€35.69/kg,https://wolt.com/en/deu/munich/venue/flink-blutenburgstr/power-system-whey-protein-schoko-420g-itemid-6629259a7c8e7b3bbb27c57d
flink blutenburgstr,fitness ,protein geschmackspulver ,Power System Whey Protein Vanille 420g,€14.99,420 g,€35.69/kg,https://wolt.com/en/deu/munich/venue/flink-blutenburgstr/power-system-whey-protein-vanille-420g-itemid-6629259a7c8e7b3bbb27c57e
flink blutenburgstr,fitness ,snacks ,MaxiNutrition Filled Protein Bar Hazelnut Nougat,€2.89,45 g,€64.22/kg,https://wolt.com/en/deu/munich/venue/flink-blutenburgstr/maxinutrition-filled-protein-bar-hazelnut-nougat-itemid-65942a6eea8eb83ede4e733e
flink blutenburgstr,fitness ,snacks ,MaxiNutrition Filled Protein Bar Strawberry Yoghurt,€2.89,45 g,€64.22/kg,https://wolt.com/en/deu/munich/venue/flink-blutenburgstr/maxinutrition-filled-protein-bar-strawberry-yoghurt-itemid-65942a6eea8eb83ede4e7376
flink blutenburgstr,fitness ,snacks ,KoRo Veganer Proteinriegel Schokolade Brownie,€2.89,55 g,€64.22/kg,https://wolt.com/en/deu/munich/venue/flink-blutenburgstr/koro-veganer-proteinriegel-schokolade-brownie-itemid-65942a6eea8eb83ede4e73b9
flink blutenburgstr,fitness ,snacks ,Barebells Soft Protein Bar Marshmallow Rocky Road 55g,€3.59,55 g,€64.22/kg,https://wolt.com/en/deu/munich/venue/flink-blutenburgstr/barebells-soft-protein-bar-marshmallow-rocky-road-55g-itemid-65942a6eea8eb83ede4e7d44
flink blutenburgstr,fitness ,snacks ,Barebells Protein Bar Salty Peanut,€3.59,55 g,€64.22/kg,https://wolt.com/en/deu/munich/venue/flink-blutenburgstr/barebells-protein-bar-salty-peanut-itemid-65942a6eea8eb83ede4e77b5
flink blutenburgstr,fitness ,snacks ,Weider Joe's Soft Bar Cookie Dough Peanut 50g,€3.19,50 g,€64.22/kg,https://wolt.com/en/deu/munich/venue/flink-blutenburgstr/weider-joe-s-soft-bar-cookie-dough-peanut-50g-itemid-65942a6eea8eb83ede4e7e3e
flink blutenburgstr,fitness ,snacks ,SNICKERS® Protein Riegel 47g,€3.19,47 g,€64.22/kg,https://wolt.com/en/deu/munich/venue/flink-blutenburgstr/snickers-protein-riegel-47g-itemid-6629259a7c8e7b3bbb27c576
flink blutenburgstr,fitness ,snacks ,Barebells Proteinriegel Caramel Choco 55g,€3.59,55 g,€64.22/kg,https://wolt.com/en/deu/munich/venue/flink-blutenburgstr/barebells-proteinriegel-caramel-choco-55g-itemid-6629259a7c8e7b3bbb27c770
flink barthstr,fitness ,nahrungserganzungsmittel ,Doppelherz Vitamin D 2000 I.E. Tbl.,€5.19,50 pcs,€0.10/pc,https://wolt.com/en/deu/munich/venue/flink-barthstr/doppelherz-vitamin-d-2000-i-e-tbl-itemid-63b4298b887195df5f2ae97a
flink blutenburgstr,fitness ,drinks ,"Powerade Mountain Blast 0,5l",€1.69,500 ml,€3.38/l,https://wolt.com/en/deu/munich/venue/flink-blutenburgstr/powerade-mountain-blast-0-5l-itemid-65942a6eea8eb83ede4e7961
flink blutenburgstr,fitness ,drinks ,"Vitamin Well React 0,5l",€2.49,500 ml,€3.38/l,https://wolt.com/en/deu/munich/venue/flink-blutenburgstr/vitamin-well-react-0-5l-itemid-65942a6eea8eb83ede4e7ce3
flink blutenburgstr,fitness ,drinks ,"Vitamin Well Antioxidant 0,5l",€2.49,500 ml,€3.38/l,https://wolt.com/en/deu/munich/venue/flink-blutenburgstr/vitamin-well-antioxidant-0-5l-itemid-65942a6eea8eb83ede4e7ca2
flink blutenburgstr,fitness ,drinks ,Barebells Protein Milkshake Vanilla 330ml,€3.99,330 ml,€3.38/l,https://wolt.com/en/deu/munich/venue/flink-blutenburgstr/barebells-protein-milkshake-vanilla-330ml-itemid-6629259a7c8e7b3bbb27c57a
flink blutenburgstr,fitness ,drinks ,"Hohes C Energy Water 0,75l",€1.89,750 ml,€3.38/l,https://wolt.com/en/deu/munich/venue/flink-blutenburgstr/hohes-c-energy-water-0-75l-itemid-6629259a7c8e7b3bbb27c57f
flink blutenburgstr,fitness ,drinks ,"Prime Blue Raspberry 0,5l",€2.69,500 ml,€3.38/l,https://wolt.com/en/deu/munich/venue/flink-blutenburgstr/prime-blue-raspberry-0-5l-itemid-6629259a7c8e7b3bbb27c59e
flink blutenburgstr,fitness ,drinks ,"Prime Ice Pop 0,5l",€2.89,500 ml,€3.38/l,https://wolt.com/en/deu/munich/venue/flink-blutenburgstr/prime-ice-pop-0-5l-itemid-6629259a7c8e7b3bbb27c59f
flink blutenburgstr,fitness ,drinks ,Barebells Protein Milkshake Chocolate 330ml,€3.99,330 ml,€3.38/l,https://wolt.com/en/deu/munich/venue/flink-blutenburgstr/barebells-protein-milkshake-chocolate-330ml-itemid-6629259a7c8e7b3bbb27c772
flink barthstr,fitness ,essentials ,Followfish MSC Thunfisch-Filets Natur,€4.59,130 g,€35.31/kg,https://wolt.com/en/deu/munich/venue/flink-barthstr/followfish-msc-thunfisch-filets-natur-itemid-63b4298b887195df5f2ae528
flink barthstr,fitness ,essentials ,Gervais Hüttenkäse Original,€1.99,200 g,€35.31/kg,https://wolt.com/en/deu/munich/venue/flink-barthstr/gervais-huttenkase-original-itemid-63b4298b887195df5f2ae5e3
flink barthstr,fitness ,desserts ,Ehrmann High Protein Mousse Choco,€2.29,200 g,€11.45/kg,https://wolt.com/en/deu/munich/venue/flink-barthstr/ehrmann-high-protein-mousse-choco-itemid-63b4298b887195df5f2ae7e3
flink barthstr,fitness ,protein geschmackspulver ,UNMILK Vegan Protein Schoko + Haferdrink glutenfrei 500g,€21.99,500 g,€43.98/kg,https://wolt.com/en/deu/munich/venue/flink-barthstr/unmilk-vegan-protein-schoko-haferdrink-glutenfrei-500g-itemid-63c92414e889c409874acd53
flink barthstr,fitness ,protein geschmackspulver ,Power System Whey Protein Schoko 420g,€14.99,420 g,€43.98/kg,https://wolt.com/en/deu/munich/venue/flink-barthstr/power-system-whey-protein-schoko-420g-itemid-662924c74320fa8b8e97a011
flink barthstr,fitness ,protein geschmackspulver ,Power System Whey Protein Vanille 420g,€14.99,420 g,€43.98/kg,https://wolt.com/en/deu/munich/venue/flink-barthstr/power-system-whey-protein-vanille-420g-itemid-662924c74320fa8b8e97a012
flink barthstr,fitness ,snacks ,MaxiNutrition Filled Protein Bar Hazelnut Nougat,€2.89,45 g,€64.22/kg,https://wolt.com/en/deu/munich/venue/flink-barthstr/maxinutrition-filled-protein-bar-hazelnut-nougat-itemid-63b4298b887195df5f2aea14
flink barthstr,fitness ,snacks ,MaxiNutrition Filled Protein Bar Strawberry Yoghurt,€2.89,45 g,€64.22/kg,https://wolt.com/en/deu/munich/venue/flink-barthstr/maxinutrition-filled-protein-bar-strawberry-yoghurt-itemid-63b4298b887195df5f2aea48
flink barthstr,fitness ,snacks ,KoRo Veganer Proteinriegel Schokolade Brownie,€2.89,55 g,€64.22/kg,https://wolt.com/en/deu/munich/venue/flink-barthstr/koro-veganer-proteinriegel-schokolade-brownie-itemid-63b4298b887195df5f2aea84
flink barthstr,fitness ,snacks ,Barebells Soft Protein Bar Marshmallow Rocky Road 55g,€3.59,55 g,€64.22/kg,https://wolt.com/en/deu/munich/venue/flink-barthstr/barebells-soft-protein-bar-marshmallow-rocky-road-55g-itemid-64e1e4fa06c8971e28cdd7d1
flink barthstr,fitness ,snacks ,Barebells Protein Bar Salty Peanut,€3.59,55 g,€64.22/kg,https://wolt.com/en/deu/munich/venue/flink-barthstr/barebells-protein-bar-salty-peanut-itemid-63b4298b887195df5f2ae477
flink barthstr,fitness ,snacks ,Weider Joe's Soft Bar Cookie Dough Peanut 50g,€3.19,50 g,€64.22/kg,https://wolt.com/en/deu/munich/venue/flink-barthstr/weider-joe-s-soft-bar-cookie-dough-peanut-50g-itemid-64e1e4fa06c8971e28cdd881
flink barthstr,fitness ,snacks ,SNICKERS® Protein Riegel 47g,€3.19,47 g,€64.22/kg,https://wolt.com/en/deu/munich/venue/flink-barthstr/snickers-protein-riegel-47g-itemid-662924c74320fa8b8e97a00a
flink barthstr,fitness ,snacks ,Barebells Proteinriegel Caramel Choco 55g,€3.59,55 g,€64.22/kg,https://wolt.com/en/deu/munich/venue/flink-barthstr/barebells-proteinriegel-caramel-choco-55g-itemid-662924c74320fa8b8e97a204
penny neuhausen,baby ,snacks getranke ,Bebivita Fruchtriegel Apfel-Banane ab 1 Jahr,€0.55,1 pc,€0.55/pc,https://wolt.com/en/deu/munich/venue/penny-neuhausen/bebivita-fruchtriegel-apfel-banane-ab-1-jahr-itemid-6488740b6ccfdc5108a08b6c
penny neuhausen,baby ,snacks getranke ,Bebivita Fenchel mit Apfel in stillem Mineralwasser,€1.19,500 ml,€0.55/pc,https://wolt.com/en/deu/munich/venue/penny-neuhausen/bebivita-fenchel-mit-apfel-in-stillem-mineralwasser-itemid-6488740b6ccfdc5108a0824d
penny neuhausen,baby ,snacks getranke ,Naturgut Bio Apfel-Erdbeer-Pouch,€1.99,400 g,€0.55/pc,https://wolt.com/en/deu/munich/venue/penny-neuhausen/naturgut-bio-apfel-erdbeer-pouch-itemid-6548d095043dd4924186a8f8
penny neuhausen,baby ,snacks getranke ,Bebivita Quetschbeutel Kiwi-Banane in Apfel ,€0.85,120 g,€0.55/pc,https://wolt.com/en/deu/munich/venue/penny-neuhausen/bebivita-quetschbeutel-kiwi-banane-in-apfel-itemid-6488740b6ccfdc5108a08b82
penny neuhausen,baby ,snacks getranke ,Bebivita Quetschbeutel Apfel-Pfirsich-Mango mit Keks,€0.85,120 g,€0.55/pc,https://wolt.com/en/deu/munich/venue/penny-neuhausen/bebivita-quetschbeutel-apfel-pfirsich-mango-mit-keks-itemid-6488740b6ccfdc5108a08b7f
penny neuhausen,baby ,snacks getranke ,Bebivita Kindersnack Getreide-Bärchen mit Superfrüchte ab 1 Jahr,€0.85,30 g,€0.55/pc,https://wolt.com/en/deu/munich/venue/penny-neuhausen/bebivita-kindersnack-getreide-barchen-mit-superfruchte-ab-1-jahr-itemid-6488740b6ccfdc5108a08b89
penny neuhausen,baby ,snacks getranke ,Bebivita Babysnack Reiswaffel Himbeere Joghurt ab 8 Monaten,€0.85,30 g,€0.55/pc,https://wolt.com/en/deu/munich/venue/penny-neuhausen/bebivita-babysnack-reiswaffel-himbeere-joghurt-ab-8-monaten-itemid-6488740b6ccfdc5108a08b9a
flink barthstr,fitness ,drinks ,"Powerade Mountain Blast 0,5l",€1.69,500 ml,€3.38/l,https://wolt.com/en/deu/munich/venue/flink-barthstr/powerade-mountain-blast-0-5l-itemid-6425899b086aad7d58918fed
flink barthstr,fitness ,drinks ,"Vitamin Well React 0,5l",€2.49,500 ml,€3.38/l,https://wolt.com/en/deu/munich/venue/flink-barthstr/vitamin-well-react-0-5l-itemid-64e1e4fa06c8971e28cdd74f
flink barthstr,fitness ,drinks ,"Vitamin Well Antioxidant 0,5l",€2.49,500 ml,€3.38/l,https://wolt.com/en/deu/munich/venue/flink-barthstr/vitamin-well-antioxidant-0-5l-itemid-64e1e4fa06c8971e28cdd751
flink barthstr,fitness ,drinks ,Barebells Protein Milkshake Vanilla 330ml,€3.99,330 ml,€3.38/l,https://wolt.com/en/deu/munich/venue/flink-barthstr/barebells-protein-milkshake-vanilla-330ml-itemid-662924c74320fa8b8e97a00e
flink barthstr,fitness ,drinks ,"Hohes C Energy Water 0,75l",€1.89,750 ml,€3.38/l,https://wolt.com/en/deu/munich/venue/flink-barthstr/hohes-c-energy-water-0-75l-itemid-662924c74320fa8b8e97a013
flink barthstr,fitness ,drinks ,"Prime Blue Raspberry 0,5l",€2.69,500 ml,€3.38/l,https://wolt.com/en/deu/munich/venue/flink-barthstr/prime-blue-raspberry-0-5l-itemid-662924c74320fa8b8e97a032
flink barthstr,fitness ,drinks ,"Prime Ice Pop 0,5l",€2.89,500 ml,€3.38/l,https://wolt.com/en/deu/munich/venue/flink-barthstr/prime-ice-pop-0-5l-itemid-662924c74320fa8b8e97a033
flink barthstr,fitness ,drinks ,"Prime Lemon Lime 0,5l",€2.69,500 ml,€3.38/l,https://wolt.com/en/deu/munich/venue/flink-barthstr/prime-lemon-lime-0-5l-itemid-662924c74320fa8b8e97a034
flink barthstr,fitness ,drinks ,"Prime Tropical Punch 0,5l",€2.69,500 ml,€3.38/l,https://wolt.com/en/deu/munich/venue/flink-barthstr/prime-tropical-punch-0-5l-itemid-662924c74320fa8b8e97a035
flink barthstr,fitness ,drinks ,Barebells Protein Milkshake Chocolate 330ml,€3.99,330 ml,€3.38/l,https://wolt.com/en/deu/munich/venue/flink-barthstr/barebells-protein-milkshake-chocolate-330ml-itemid-662924c74320fa8b8e97a206
penny neuhausen,baby ,ab dem 12 monat ,Bebivita Quetschie Bärenstark Gartenfrüchte ab 1 Jahr 4 Stk,€2.65,360 g,€7.36/kg,https://wolt.com/en/deu/munich/venue/penny-neuhausen/bebivita-quetschie-barenstark-gartenfruchte-ab-1-jahr-4-stk-itemid-6488740b6ccfdc5108a088fa
penny neuhausen,baby ,ab dem 12 monat ,Bebivita Menü Gemüse-Reis mit Rindfleisch ab dem 12. Monat,€1.15,250 g,€7.36/kg,https://wolt.com/en/deu/munich/venue/penny-neuhausen/bebivita-menu-gemuse-reis-mit-rindfleisch-ab-dem-12-monat-itemid-6488740b6ccfdc5108a08b28
penny neuhausen,baby ,ab dem 12 monat ,Bebivita Bio Menüs: Kartoffeln mit Gemüse und mildem Gulasch,€1.09,220 g,€7.36/kg,https://wolt.com/en/deu/munich/venue/penny-neuhausen/bebivita-bio-menus-kartoffeln-mit-gemuse-und-mildem-gulasch-itemid-6488740b6ccfdc5108a09006
penny neuhausen,baby ,ab dem 8 monat ,Bebivita Menü Schinkennudeln mit Gemüse-Allerlei ab dem 8. Monat,€0.95,190 g,€5.00/kg,https://wolt.com/en/deu/munich/venue/penny-neuhausen/bebivita-menu-schinkennudeln-mit-gemuse-allerlei-ab-dem-8-monat-itemid-6488740b6ccfdc5108a08c30
penny neuhausen,baby ,ab dem 6 monat ,Bebivita Abendbrei Keks-Banane ab dem 6. Monat,€0.95,190 g,€5.00/kg,https://wolt.com/en/deu/munich/venue/penny-neuhausen/bebivita-abendbrei-keks-banane-ab-dem-6-monat-itemid-6488740b6ccfdc5108a08b30
penny neuhausen,baby ,ab dem 6 monat ,"Bebivita Frucht und Getreide, Vollkorn in Apfel-Banane",€1.05,250 g,€5.00/kg,https://wolt.com/en/deu/munich/venue/penny-neuhausen/bebivita-frucht-und-getreide-vollkorn-in-apfel-banane-itemid-6488740b6ccfdc5108a0900c
penny neuhausen,baby ,ab dem 4 monat ,Bebivita Menü Spaghetti Bolognese ab dem 5. Monat,€0.95,190 g,€5.00/kg,https://wolt.com/en/deu/munich/venue/penny-neuhausen/bebivita-menu-spaghetti-bolognese-ab-dem-5-monat-itemid-6488740b6ccfdc5108a08bf4
penny neuhausen,baby ,ab dem 4 monat ,Bebivita Abendbrei Grieß-Vanille ab dem 5. Monat,€0.95,190 g,€5.00/kg,https://wolt.com/en/deu/munich/venue/penny-neuhausen/bebivita-abendbrei-griess-vanille-ab-dem-5-monat-itemid-6488740b6ccfdc5108a08b40
flink barthstr,fitness ,angebote ,Ahoj Brause Himbeere,€1.39,330 ml,€4.21/l,https://wolt.com/en/deu/munich/venue/flink-barthstr/ahoj-brause-himbeere-itemid-66945f53c811618c5f2848ad
flink barthstr,fitness ,angebote ,"Orangina Original 0,33l",€1.19,330 ml,€4.21/l,https://wolt.com/en/deu/munich/venue/flink-barthstr/orangina-original-0-33l-itemid-66945f53c811618c5f2848af
flink barthstr,fitness ,angebote ,"Franziskaner Weißbier Naturtrüb 0,5l",€1.09,"500 ml, 5% vol",€4.21/l,https://wolt.com/en/deu/munich/venue/flink-barthstr/franziskaner-weissbier-naturtrub-0-5l-itemid-66945f53c811618c5f2848b0
flink barthstr,fitness ,angebote ,"Franziskaner Weissbier Alkoholfrei 0,5l",€0.99,"500 ml, 0.4% vol",€4.21/l,https://wolt.com/en/deu/munich/venue/flink-barthstr/franziskaner-weissbier-alkoholfrei-0-5l-itemid-66945f53c811618c5f2848b1
flink barthstr,fitness ,angebote ,True Fruits Smoothie Yellow,€2.69,250 ml,€4.21/l,https://wolt.com/en/deu/munich/venue/flink-barthstr/true-fruits-smoothie-yellow-itemid-66945f53c811618c5f2848b2
flink barthstr,fitness ,angebote ,True Fruits Smoothie Pink,€2.69,250 ml,€4.21/l,https://wolt.com/en/deu/munich/venue/flink-barthstr/true-fruits-smoothie-pink-itemid-66945f53c811618c5f2848b3
flink barthstr,fitness ,angebote ,True Fruits Smoothie Purple,€2.69,250 ml,€4.21/l,https://wolt.com/en/deu/munich/venue/flink-barthstr/true-fruits-smoothie-purple-itemid-66945f53c811618c5f2848b4
flink barthstr,fitness ,angebote ,True Fruits Smoothie Green No. 1 250ml,€2.69,250 ml,€4.21/l,https://wolt.com/en/deu/munich/venue/flink-barthstr/true-fruits-smoothie-green-no-1-250ml-itemid-66945f53c811618c5f2848b5
flink barthstr,fitness ,angebote ,Rewe Beste Wahl Oliven mit Knoblauch 150g,€1.79,150 g,€4.21/l,https://wolt.com/en/deu/munich/venue/flink-barthstr/rewe-beste-wahl-oliven-mit-knoblauch-150g-itemid-66945f53c811618c5f2848b7
flink barthstr,fitness ,angebote ,Rewe Beste Wahl Olivenmix 150g,€1.79,150 g,€4.21/l,https://wolt.com/en/deu/munich/venue/flink-barthstr/rewe-beste-wahl-olivenmix-150g-itemid-66945f53c811618c5f2848b8
flink barthstr,fitness ,angebote ,Rewe Beste Wahl Fuet Scheiben 100g,€2.39,100 g,€4.21/l,https://wolt.com/en/deu/munich/venue/flink-barthstr/rewe-beste-wahl-fuet-scheiben-100g-itemid-66945f53c811618c5f2848b9
flink barthstr,fitness ,angebote ,Arla Finello Gratinkäse Gerieben,€2.69,150 g,€4.21/l,https://wolt.com/en/deu/munich/venue/flink-barthstr/arla-finello-gratinkase-gerieben-itemid-66945f53c811618c5f2848bd
flink barthstr,fitness ,angebote ,Milram Müritzer Scheiben,€2.49,150 g,€4.21/l,https://wolt.com/en/deu/munich/venue/flink-barthstr/milram-muritzer-scheiben-itemid-66945f53c811618c5f2848be
flink barthstr,fitness ,angebote ,Milram Müritzer herzhaft 150g,€2.49,150 g,€4.21/l,https://wolt.com/en/deu/munich/venue/flink-barthstr/milram-muritzer-herzhaft-150g-itemid-66945f53c811618c5f2848c0
flink barthstr,fitness ,angebote ,"Becks Pils 6x0,33l",€4.49,"6 pcs, 4.9% vol",€4.21/l,https://wolt.com/en/deu/munich/venue/flink-barthstr/becks-pils-6x0-33l-itemid-66945f53c811618c5f2848c2
flink barthstr,fitness ,angebote ,"Becks Ice 6x0,33l",€4.59,"6 pcs, 2.5% vol",€4.21/l,https://wolt.com/en/deu/munich/venue/flink-barthstr/becks-ice-6x0-33l-itemid-66945f53c811618c5f2848c3
flink barthstr,fitness ,angebote ,"Bree Spritz, Typ Limoncello 0,25l",€2.19,"250 ml, 10% vol",€4.21/l,https://wolt.com/en/deu/munich/venue/flink-barthstr/bree-spritz-typ-limoncello-0-25l-itemid-66945f53c811618c5f2848c5
flink barthstr,fitness ,angebote ,"Bree Spritz Aperitivo 0,25l",€2.19,"250 ml, 10% vol",€4.21/l,https://wolt.com/en/deu/munich/venue/flink-barthstr/bree-spritz-aperitivo-0-25l-itemid-66945f53c811618c5f2848c6
flink barthstr,fitness ,angebote ,Corny Schoko-Banane,€1.79,150 g,€4.21/l,https://wolt.com/en/deu/munich/venue/flink-barthstr/corny-schoko-banane-itemid-66945f53c811618c5f2848c7
flink barthstr,fitness ,angebote ,Corny Free Schoko,€1.79,120 g,€4.21/l,https://wolt.com/en/deu/munich/venue/flink-barthstr/corny-free-schoko-itemid-66945f53c811618c5f2848c8
flink barthstr,fitness ,angebote ,Corny Schoko,€1.79,150 g,€4.21/l,https://wolt.com/en/deu/munich/venue/flink-barthstr/corny-schoko-itemid-66945f53c811618c5f2848c9
flink barthstr,fitness ,angebote ,Rewe Feine Welt Kartoffelchips mit Trüffelgeschmack 100g,€1.59,100 g,€4.21/l,https://wolt.com/en/deu/munich/venue/flink-barthstr/rewe-feine-welt-kartoffelchips-mit-truffelgeschmack-100g-itemid-66945f53c811618c5f2848ca
flink barthstr,fitness ,angebote ,Rewe Beste Wahl Linsen Chips 90g,€1.29,90 g,€4.21/l,https://wolt.com/en/deu/munich/venue/flink-barthstr/rewe-beste-wahl-linsen-chips-90g-itemid-66945f53c811618c5f2848cb
flink barthstr,fitness ,angebote ,Rewe Beste Wahl geröstete Mandeln ohne Salz 150g,€2.29,150 g,€4.21/l,https://wolt.com/en/deu/munich/venue/flink-barthstr/rewe-beste-wahl-gerostete-mandeln-ohne-salz-150g-itemid-66945f53c811618c5f2848cd
flink barthstr,fitness ,angebote ,Magnum Double Starchaser 255ml,€3.19,255 ml,€4.21/l,https://wolt.com/en/deu/munich/venue/flink-barthstr/magnum-double-starchaser-255ml-itemid-66945f53c811618c5f2848ce
flink barthstr,fitness ,angebote ,Magnum Mini Mix Classic Almond White,€3.69,330 ml,€4.21/l,https://wolt.com/en/deu/munich/venue/flink-barthstr/magnum-mini-mix-classic-almond-white-itemid-66945f53c811618c5f2848cf
flink barthstr,fitness ,angebote ,Magnum Double Gold Caramel Billionaire 255ml,€3.19,255 ml,€4.21/l,https://wolt.com/en/deu/munich/venue/flink-barthstr/magnum-double-gold-caramel-billionaire-255ml-itemid-66945f53c811618c5f2848d0
flink barthstr,fitness ,angebote ,Magnum Mandel 100 ml,€4.49,600 ml,€4.21/l,https://wolt.com/en/deu/munich/venue/flink-barthstr/magnum-mandel-100-ml-itemid-66945f53c811618c5f2848d3
flink barthstr,fitness ,angebote ,Magnum Vegan Almond,€3.69,270 ml,€4.21/l,https://wolt.com/en/deu/munich/venue/flink-barthstr/magnum-vegan-almond-itemid-66945f53c811618c5f2848d4
flink barthstr,fitness ,angebote ,Rewe Bio Tahini Hummus,€1.89,150 g,€4.21/l,https://wolt.com/en/deu/munich/venue/flink-barthstr/rewe-bio-tahini-hummus-itemid-66945f53c811618c5f2848d5
flink barthstr,fitness ,angebote ,Hela Curry Gewürz Ketchup Scharf 800ml,€3.09,800 ml,€4.21/l,https://wolt.com/en/deu/munich/venue/flink-barthstr/hela-curry-gewurz-ketchup-scharf-800ml-itemid-66945f53c811618c5f2848d7
flink barthstr,fitness ,angebote ,Corny Haferkraft Zero Kakao 140g,€1.79,140 g,€4.21/l,https://wolt.com/en/deu/munich/venue/flink-barthstr/corny-haferkraft-zero-kakao-140g-itemid-66945f53c811618c5f2848d8
flink barthstr,fitness ,angebote ,Miraval Rosé by Brad Pitt & Famille Perrin AOP,€19.39,"750 ml, 13% vol",€4.21/l,https://wolt.com/en/deu/munich/venue/flink-barthstr/miraval-rose-by-brad-pitt-famille-perrin-aop-itemid-66945f53c811618c5f2848d9
flink barthstr,fitness ,angebote ,Toilettenpapier Zewa Smart 3-lagig 300 Blatt,€4.59,4 pcs,€4.21/l,https://wolt.com/en/deu/munich/venue/flink-barthstr/toilettenpapier-zewa-smart-3-lagig-300-blatt-itemid-66945f53c811618c5f2848da
flink barthstr,fitness ,angebote ,Tempo Feucht Sanft & Pflegend,€2.29,42 pcs,€4.21/l,https://wolt.com/en/deu/munich/venue/flink-barthstr/tempo-feucht-sanft-pflegend-itemid-66945f53c811618c5f2848db
flink barthstr,fitness ,angebote ,Coral Colorwaschmittel flüssig 23WL,€4.79,23 pcs,€4.21/l,https://wolt.com/en/deu/munich/venue/flink-barthstr/coral-colorwaschmittel-flussig-23wl-itemid-66945f53c811618c5f2848dc
flink barthstr,fitness ,angebote ,Coral Fein- und Wollwaschmittel Black Velvet 23WL,€4.79,23 pcs,€4.21/l,https://wolt.com/en/deu/munich/venue/flink-barthstr/coral-fein-und-wollwaschmittel-black-velvet-23wl-itemid-66945f53c811618c5f2848dd
flink barthstr,fitness ,angebote ,Ortel Smart World M+,€10.09,1 pc,€4.21/l,https://wolt.com/en/deu/munich/venue/flink-barthstr/ortel-smart-world-m-itemid-66945f53c811618c5f2848de
flink barthstr,fitness ,angebote ,Freche Freunde Bio Fruchtchips Erdbeere,€1.99,12 g,€4.21/l,https://wolt.com/en/deu/munich/venue/flink-barthstr/freche-freunde-bio-fruchtchips-erdbeere-itemid-66945f53c811618c5f2848df
penny neuhausen,baby ,milchnahrung breie ,Bebivita Kindermilch 1 ab dem 12. Monat ,€5.95,500 g,€11.90/kg,https://wolt.com/en/deu/munich/venue/penny-neuhausen/bebivita-kindermilch-1-ab-dem-12-monat-itemid-6488740b6ccfdc5108a08d1b
penny neuhausen,baby ,milchnahrung breie ,Bebivita Kindermilch 1 ab dem 12. Monat,€5.95,500 g,€11.90/kg,https://wolt.com/en/deu/munich/venue/penny-neuhausen/bebivita-kindermilch-1-ab-dem-12-monat-itemid-6488740b6ccfdc5108a08b1a
penny neuhausen,tiere ,hunde ,Purina AdVENTuROS Nuggets Wildschwein ,€1.39,90 g,€15.44/kg,https://wolt.com/en/deu/munich/venue/penny-neuhausen/purina-adventuros-nuggets-wildschwein-itemid-6488740b6ccfdc5108a0895d
penny neuhausen,tiere ,hunde ,Purina AdVENTuROS Strips Hirsch ,€1.39,90 g,€15.44/kg,https://wolt.com/en/deu/munich/venue/penny-neuhausen/purina-adventuros-strips-hirsch-itemid-6488740b6ccfdc5108a08971
penny neuhausen,tiere ,hunde ,Pedigree® mit 3 Sorten Geflügel in Pastete ,€1.99,800 g,€15.44/kg,https://wolt.com/en/deu/munich/venue/penny-neuhausen/pedigree-mit-3-sorten-geflugel-in-pastete-itemid-6488740b6ccfdc5108a08172
penny neuhausen,tiere ,hunde ,"Perdigree Saftiges Geschnetzeltes mit Rind, Gemüse & Nudeln ",€1.99,800 g,€15.44/kg,https://wolt.com/en/deu/munich/venue/penny-neuhausen/perdigree-saftiges-geschnetzeltes-mit-rind-gemuse-nudeln-itemid-6488740b6ccfdc5108a0878e
penny neuhausen,tiere ,hunde ,Lucky Dog Flexodent Schützt & Reinigt die Zähne 85g,€0.99,85 g,€15.44/kg,https://wolt.com/en/deu/munich/venue/penny-neuhausen/lucky-dog-flexodent-schutzt-reinigt-die-zahne-85g-itemid-6488740b6ccfdc5108a08ef1
penny neuhausen,tiere ,hunde ,Lucky Dog mit Pansen 20 Stück,€0.59,20 pcs,€15.44/kg,https://wolt.com/en/deu/munich/venue/penny-neuhausen/lucky-dog-mit-pansen-20-stuck-itemid-6488740b6ccfdc5108a08f11
penny neuhausen,tiere ,hunde ,Lucky Dog Kaustreifen mit Rind 20 Stück,€0.59,20 pcs,€15.44/kg,https://wolt.com/en/deu/munich/venue/penny-neuhausen/lucky-dog-kaustreifen-mit-rind-20-stuck-itemid-6488740b6ccfdc5108a08f3d
penny neuhausen,tiere ,hunde ,Zooroyal Monoprotein Rind   ,€1.69,800 g,€15.44/kg,https://wolt.com/en/deu/munich/venue/penny-neuhausen/zooroyal-monoprotein-rind-itemid-6488740b6ccfdc5108a08467
penny neuhausen,tiere ,hunde ,Zooroyal Huehnerherzen ,€1.59,400 g,€15.44/kg,https://wolt.com/en/deu/munich/venue/penny-neuhausen/zooroyal-huehnerherzen-itemid-6488740b6ccfdc5108a084a8
penny neuhausen,tiere ,hunde ,ZooRoyal Vital Plus Trockenfutter ,€4.99,2.5 kg,€15.44/kg,https://wolt.com/en/deu/munich/venue/penny-neuhausen/zooroyal-vital-plus-trockenfutter-itemid-6488740b6ccfdc5108a081d8
penny neuhausen,tiere ,hunde ,Zooroyal Hundekotbeutel 4x20 Stk,€1.49,1 pc,€15.44/kg,https://wolt.com/en/deu/munich/venue/penny-neuhausen/zooroyal-hundekotbeutel-4x20-stk-itemid-6488740b6ccfdc5108a084ae
penny neuhausen,tiere ,hunde ,ZooRoyal Pastete 150g,€0.50,150 g,€15.44/kg,https://wolt.com/en/deu/munich/venue/penny-neuhausen/zooroyal-pastete-150g-itemid-6488740b6ccfdc5108a08f9c
penny neuhausen,tiere ,hunde ,Lucky Dog Kaustreifen Gefluegel,€0.59,200 g,€15.44/kg,https://wolt.com/en/deu/munich/venue/penny-neuhausen/lucky-dog-kaustreifen-gefluegel-itemid-6548d095043dd4924186a94d
penny neuhausen,tiere ,hunde ,Lucky Dog Pastete Mit Rind,€0.75,300 g,€15.44/kg,https://wolt.com/en/deu/munich/venue/penny-neuhausen/lucky-dog-pastete-mit-rind-itemid-6548d095043dd4924186a915
penny neuhausen,tiere ,hunde ,Lucky Dog Pastete Senior mit Huhn,€0.75,300 g,€15.44/kg,https://wolt.com/en/deu/munich/venue/penny-neuhausen/lucky-dog-pastete-senior-mit-huhn-itemid-660fef519086bb5ca3ce745e
penny neuhausen,tiere ,hunde ,Lucky Dog mit Reis,€0.75,300 g,€15.44/kg,https://wolt.com/en/deu/munich/venue/penny-neuhausen/lucky-dog-mit-reis-itemid-6548d095043dd4924186a8f0
penny neuhausen,tiere ,hunde ,Lucky Dog Pastete Mit Gefluegel,€0.75,300 g,€15.44/kg,https://wolt.com/en/deu/munich/venue/penny-neuhausen/lucky-dog-pastete-mit-gefluegel-itemid-6548d095043dd4924186a8fa
penny neuhausen,tiere ,hunde ,Lucky Dog Pastete Mit Wild,€0.75,300 g,€15.44/kg,https://wolt.com/en/deu/munich/venue/penny-neuhausen/lucky-dog-pastete-mit-wild-itemid-6548d095043dd4924186a8fc
penny neuhausen,tiere ,hunde ,Lucky Dog Pastete Edelfisch & Huhn,€0.75,300 g,€15.44/kg,https://wolt.com/en/deu/munich/venue/penny-neuhausen/lucky-dog-pastete-edelfisch-huhn-itemid-6548d095043dd4924186a93d
penny neuhausen,tiere ,hunde ,Lucky Dog Ragout mit Lamm und Karotten,€0.75,300 g,€15.44/kg,https://wolt.com/en/deu/munich/venue/penny-neuhausen/lucky-dog-ragout-mit-lamm-und-karotten-itemid-6548d095043dd4924186a90c
penny neuhausen,tiere ,hunde ,Lucky Dog Genießer Leberwurst,€1.89,,€15.44/kg,https://wolt.com/en/deu/munich/venue/penny-neuhausen/lucky-dog-geniesser-leberwurst-itemid-6548d095043dd4924186a916
penny neuhausen,tiere ,hunde ,Lucky Dog Ragout mit Rind & Pasta in Braten Sauce,€0.75,300 g,€15.44/kg,https://wolt.com/en/deu/munich/venue/penny-neuhausen/lucky-dog-ragout-mit-rind-pasta-in-braten-sauce-itemid-6548d095043dd4924186a917
penny neuhausen,tiere ,hunde ,Lucky Dog Saftige Happen Rind,€1.59,1.24 kg,€15.44/kg,https://wolt.com/en/deu/munich/venue/penny-neuhausen/lucky-dog-saftige-happen-rind-itemid-6548d095043dd4924186aa12
penny neuhausen,tiere ,hunde ,"Lucky Dog Saftige Happen Schwein, Huhn, Rind",€1.59,1.24 kg,€15.44/kg,https://wolt.com/en/deu/munich/venue/penny-neuhausen/lucky-dog-saftige-happen-schwein-huhn-rind-itemid-6548d095043dd4924186aa0a
penny neuhausen,tiere ,hunde ,Lucky Dog Saftige Happen Gefluegel,€1.59,1.24 kg,€15.44/kg,https://wolt.com/en/deu/munich/venue/penny-neuhausen/lucky-dog-saftige-happen-gefluegel-itemid-6548d095043dd4924186a9dc
penny neuhausen,tiere ,hunde ,Lucky Dog Hühnerhälse,€2.09,100 g,€15.44/kg,https://wolt.com/en/deu/munich/venue/penny-neuhausen/lucky-dog-huhnerhalse-itemid-6548d095043dd4924186a9dd
penny neuhausen,tiere ,hunde ,Lucky Dog Entenfilet,€2.09,125 g,€15.44/kg,https://wolt.com/en/deu/munich/venue/penny-neuhausen/lucky-dog-entenfilet-itemid-6548d095043dd4924186a9ab
penny neuhausen,tiere ,hunde ,Lucky Dog Hühnchenfilet,€2.09,125 g,€15.44/kg,https://wolt.com/en/deu/munich/venue/penny-neuhausen/lucky-dog-huhnchenfilet-itemid-6548d095043dd4924186a9b2
penny neuhausen,tiere ,hunde ,Lucky Dog Kaustangen Mit Huhn,€1.99,100 g,€15.44/kg,https://wolt.com/en/deu/munich/venue/penny-neuhausen/lucky-dog-kaustangen-mit-huhn-itemid-6548d095043dd4924186aa2a
penny neuhausen,tiere ,hunde ,Lucky Dog Rinderschlund Chips,€1.99,100 g,€15.44/kg,https://wolt.com/en/deu/munich/venue/penny-neuhausen/lucky-dog-rinderschlund-chips-itemid-6548d095043dd4924186aa46
penny neuhausen,tiere ,hunde ,Lucky Dog Rinderpansen Sticks,€1.99,100 g,€15.44/kg,https://wolt.com/en/deu/munich/venue/penny-neuhausen/lucky-dog-rinderpansen-sticks-itemid-6548d095043dd4924186aa8b
penny neuhausen,tiere ,hunde ,Lucky Dog Dental Snack,€0.79,250 g,€15.44/kg,https://wolt.com/en/deu/munich/venue/penny-neuhausen/lucky-dog-dental-snack-itemid-6548d095043dd4924186aa4e
penny neuhausen,tiere ,hunde ,Lucky Dog Kauröllchen mit Lamm & Reisspeisegrieß,€0.79,230 g,€15.44/kg,https://wolt.com/en/deu/munich/venue/penny-neuhausen/lucky-dog-kaurollchen-mit-lamm-reisspeisegriess-itemid-6548d095043dd4924186aa84
penny neuhausen,tiere ,hunde ,Beef Stick® Rind,€0.45,12 g,€15.44/kg,https://wolt.com/en/deu/munich/venue/penny-neuhausen/beef-stick-rind-itemid-6488740b6ccfdc5108a090e2
penny neuhausen,tiere ,hunde ,Beef Stick® Pute,€0.45,12 g,€15.44/kg,https://wolt.com/en/deu/munich/venue/penny-neuhausen/beef-stick-pute-itemid-6488740b6ccfdc5108a09109
penny neuhausen,tiere ,angebote ,Maggi Fix für Spaghetti Bolognese,€0.44,36 g,€12.22/kg,https://wolt.com/en/deu/munich/venue/penny-neuhausen/maggi-fix-fur-spaghetti-bolognese-itemid-6488740b6ccfdc5108a08c01
penny neuhausen,tiere ,angebote ,Milram Frische Aioli,€0.99,185 g,€12.22/kg,https://wolt.com/en/deu/munich/venue/penny-neuhausen/milram-frische-aioli-itemid-6488740b6ccfdc5108a08c51
penny neuhausen,tiere ,angebote ,Mühlenhof Schweine-Schnitzel,€3.99,500 g,€12.22/kg,https://wolt.com/en/deu/munich/venue/penny-neuhausen/muhlenhof-schweine-schnitzel-itemid-6488740b6ccfdc5108a084f6
penny neuhausen,tiere ,angebote ,Rama Leichte Koch Creme,€0.89,250 ml,€12.22/kg,https://wolt.com/en/deu/munich/venue/penny-neuhausen/rama-leichte-koch-creme-itemid-6488740b6ccfdc5108a08d40
penny neuhausen,tiere ,angebote ,Milram Sour Cream Fein-Würzig,€0.99,185 g,€12.22/kg,https://wolt.com/en/deu/munich/venue/penny-neuhausen/milram-sour-cream-fein-wurzig-itemid-6488740b6ccfdc5108a08b7c
penny neuhausen,tiere ,angebote ,Milram Frühlings Quark 40% Fett,€0.99,185 g,€12.22/kg,https://wolt.com/en/deu/munich/venue/penny-neuhausen/milram-fruhlings-quark-40-fett-itemid-6488740b6ccfdc5108a080e8
penny neuhausen,tiere ,angebote ,Milram Frühlings Quark Leicht,€0.99,185 g,€12.22/kg,https://wolt.com/en/deu/munich/venue/penny-neuhausen/milram-fruhlings-quark-leicht-itemid-6488740b6ccfdc5108a086e4
penny neuhausen,tiere ,angebote ,Milram Frühlings Quark 7-Kräuter,€0.99,185 g,€12.22/kg,https://wolt.com/en/deu/munich/venue/penny-neuhausen/milram-fruhlings-quark-7-krauter-itemid-6488740b6ccfdc5108a0817b
penny neuhausen,tiere ,angebote ,Milram Drei-Zwiebel Quark,€0.99,185 g,€12.22/kg,https://wolt.com/en/deu/munich/venue/penny-neuhausen/milram-drei-zwiebel-quark-itemid-6488740b6ccfdc5108a086e5
penny neuhausen,tiere ,angebote ,Zott Sahnejoghurt Erdbeer,€0.44,150 g,€12.22/kg,https://wolt.com/en/deu/munich/venue/penny-neuhausen/zott-sahnejoghurt-erdbeer-itemid-6488740b6ccfdc5108a08c66
penny neuhausen,tiere ,angebote ,Zott Sahne Joghurt mild Himbeer,€0.44,150 g,€12.22/kg,https://wolt.com/en/deu/munich/venue/penny-neuhausen/zott-sahne-joghurt-mild-himbeer-itemid-6488740b6ccfdc5108a08a5a
penny neuhausen,tiere ,angebote ,Zott Sahnejoghurt Pfirsich-Maracuja,€0.44,150 g,€12.22/kg,https://wolt.com/en/deu/munich/venue/penny-neuhausen/zott-sahnejoghurt-pfirsich-maracuja-itemid-6488740b6ccfdc5108a08c6c
penny neuhausen,tiere ,angebote ,Zott Sahne Joghurt mild Amarena-Kirsch,€0.44,150 g,€12.22/kg,https://wolt.com/en/deu/munich/venue/penny-neuhausen/zott-sahne-joghurt-mild-amarena-kirsch-itemid-6488740b6ccfdc5108a08c54
penny neuhausen,tiere ,angebote ,Zott Sahnejoghurt Bratapfel Saison,€0.44,150 g,€12.22/kg,https://wolt.com/en/deu/munich/venue/penny-neuhausen/zott-sahnejoghurt-bratapfel-saison-itemid-6488740b6ccfdc5108a08984
penny neuhausen,tiere ,angebote ,Zott Sahne Joghurt Saison Zitrone,€0.44,150 g,€12.22/kg,https://wolt.com/en/deu/munich/venue/penny-neuhausen/zott-sahne-joghurt-saison-zitrone-itemid-6488740b6ccfdc5108a08adb
penny neuhausen,tiere ,angebote ,Gutfried Geflügel Salami,€1.49,80 g,€12.22/kg,https://wolt.com/en/deu/munich/venue/penny-neuhausen/gutfried-geflugel-salami-itemid-6488740b6ccfdc5108a0868e
penny neuhausen,tiere ,angebote ,Gutfried Geflügel-Salami mit Pfeffer,€1.49,,€12.22/kg,https://wolt.com/en/deu/munich/venue/penny-neuhausen/gutfried-geflugel-salami-mit-pfeffer-itemid-6488740b6ccfdc5108a08778
penny neuhausen,tiere ,angebote ,Gutfried Hähnchen Salami,€1.49,100 g,€12.22/kg,https://wolt.com/en/deu/munich/venue/penny-neuhausen/gutfried-hahnchen-salami-itemid-6488740b6ccfdc5108a08792
penny neuhausen,tiere ,angebote ,Barilla Pesto Basilico Vegan,€1.99,195 g,€12.22/kg,https://wolt.com/en/deu/munich/venue/penny-neuhausen/barilla-pesto-basilico-vegan-itemid-6488740b6ccfdc5108a09191
penny neuhausen,tiere ,angebote ,Barilla Pasta-Sauce Arrabbiata,€1.69,400 g,€12.22/kg,https://wolt.com/en/deu/munich/venue/penny-neuhausen/barilla-pasta-sauce-arrabbiata-itemid-6488740b6ccfdc5108a0865b
penny neuhausen,tiere ,angebote ,Barilla Pasta-Sauce Basilico,€1.69,400 g,€12.22/kg,https://wolt.com/en/deu/munich/venue/penny-neuhausen/barilla-pasta-sauce-basilico-itemid-6488740b6ccfdc5108a08659
penny neuhausen,tiere ,angebote ,Barilla Pesto alla Genovese,€1.99,190 g,€12.22/kg,https://wolt.com/en/deu/munich/venue/penny-neuhausen/barilla-pesto-alla-genovese-itemid-6488740b6ccfdc5108a0812b
penny neuhausen,tiere ,angebote ,Barilla Pesto alla Calabrese,€1.99,190 g,€12.22/kg,https://wolt.com/en/deu/munich/venue/penny-neuhausen/barilla-pesto-alla-calabrese-itemid-6488740b6ccfdc5108a0865c
penny neuhausen,tiere ,angebote ,Barilla Pesto Rosso,€1.99,200 g,€12.22/kg,https://wolt.com/en/deu/munich/venue/penny-neuhausen/barilla-pesto-rosso-itemid-6488740b6ccfdc5108a082b0
penny neuhausen,tiere ,angebote ,Maggi Food Travel Würzpaste für Curry Indian Style,€0.44,65 g,€12.22/kg,https://wolt.com/en/deu/munich/venue/penny-neuhausen/maggi-food-travel-wurzpaste-fur-curry-indian-style-itemid-6488740b6ccfdc5108a090f3
penny neuhausen,tiere ,angebote ,Maggi Fix Spaghetti Tomate Mozzarella,€0.44,40 g,€12.22/kg,https://wolt.com/en/deu/munich/venue/penny-neuhausen/maggi-fix-spaghetti-tomate-mozzarella-itemid-6488740b6ccfdc5108a08751
penny neuhausen,tiere ,angebote ,Maggi Fix für Geschnetzeltes Zürcher Art,€0.44,47 g,€12.22/kg,https://wolt.com/en/deu/munich/venue/penny-neuhausen/maggi-fix-fur-geschnetzeltes-zurcher-art-itemid-6488740b6ccfdc5108a08bff
penny neuhausen,tiere ,angebote ,Maggi Fix Chili con Carne,€0.44,33 g,€12.22/kg,https://wolt.com/en/deu/munich/venue/penny-neuhausen/maggi-fix-chili-con-carne-itemid-6488740b6ccfdc5108a086ac
penny neuhausen,tiere ,angebote ,Maggi Fix für Gulasch,€0.44,48 g,€12.22/kg,https://wolt.com/en/deu/munich/venue/penny-neuhausen/maggi-fix-fur-gulasch-itemid-6488740b6ccfdc5108a08c15
penny neuhausen,tiere ,angebote ,Erasco Reistopf mit Fleischklößchen,€1.99,800 g,€12.22/kg,https://wolt.com/en/deu/munich/venue/penny-neuhausen/erasco-reistopf-mit-fleischklosschen-itemid-6488740b6ccfdc5108a09371
penny neuhausen,tiere ,angebote ,Erasco Linsen-Eintopf mit Würstchen,€1.99,800 g,€12.22/kg,https://wolt.com/en/deu/munich/venue/penny-neuhausen/erasco-linsen-eintopf-mit-wurstchen-itemid-6488740b6ccfdc5108a08157
penny neuhausen,tiere ,angebote ,Erasco Hühner-Nudeltopf,€1.99,800 g,€12.22/kg,https://wolt.com/en/deu/munich/venue/penny-neuhausen/erasco-huhner-nudeltopf-itemid-6488740b6ccfdc5108a08a71
penny neuhausen,tiere ,angebote ,Erasco Erbsen-Eintopf Hubertus,€1.99,800 g,€12.22/kg,https://wolt.com/en/deu/munich/venue/penny-neuhausen/erasco-erbsen-eintopf-hubertus-itemid-6488740b6ccfdc5108a08a76
penny neuhausen,tiere ,angebote ,Maggi Guten Appetit Rindfleisch Suppe,€0.59,1 l,€12.22/kg,https://wolt.com/en/deu/munich/venue/penny-neuhausen/maggi-guten-appetit-rindfleisch-suppe-itemid-6488740b6ccfdc5108a086da
penny neuhausen,tiere ,angebote ,Bürger Maultaschen - traditionell schwäbisch,€1.49,360 g,€12.22/kg,https://wolt.com/en/deu/munich/venue/penny-neuhausen/burger-maultaschen-traditionell-schwabisch-itemid-6488740b6ccfdc5108a08784
penny neuhausen,tiere ,angebote ,Maggi Guten Appetit Hochzeits Suppe,€0.59,1 l,€12.22/kg,https://wolt.com/en/deu/munich/venue/penny-neuhausen/maggi-guten-appetit-hochzeits-suppe-itemid-6488740b6ccfdc5108a0827e
penny neuhausen,tiere ,angebote ,Maggi Guten Appetit Sternchen Suppe,€0.59,1 l,€12.22/kg,https://wolt.com/en/deu/munich/venue/penny-neuhausen/maggi-guten-appetit-sternchen-suppe-itemid-6488740b6ccfdc5108a0822b
penny neuhausen,tiere ,angebote ,Maggi Guten Appetit Buchstaben Suppe,€0.59,1 l,€12.22/kg,https://wolt.com/en/deu/munich/venue/penny-neuhausen/maggi-guten-appetit-buchstaben-suppe-itemid-6488740b6ccfdc5108a086cf
penny neuhausen,tiere ,angebote ,Maggi Guten Appetit Frühlings Suppe,€0.59,1 l,€12.22/kg,https://wolt.com/en/deu/munich/venue/penny-neuhausen/maggi-guten-appetit-fruhlings-suppe-itemid-6488740b6ccfdc5108a086d2
penny neuhausen,tiere ,angebote ,Maggi Hühnersuppe Mit Nudeln,€0.59,100 ml,€12.22/kg,https://wolt.com/en/deu/munich/venue/penny-neuhausen/maggi-huhnersuppe-mit-nudeln-itemid-6488740b6ccfdc5108a0829d
penny neuhausen,tiere ,angebote ,Maggi Guten Appetit Spargel Cremesuppe,€0.59,750 ml,€12.22/kg,https://wolt.com/en/deu/munich/venue/penny-neuhausen/maggi-guten-appetit-spargel-cremesuppe-itemid-6488740b6ccfdc5108a0875b
penny neuhausen,tiere ,angebote ,Maggi Guten Appetit Suppe Zwiebel,€0.59,1 l,€12.22/kg,https://wolt.com/en/deu/munich/venue/penny-neuhausen/maggi-guten-appetit-suppe-zwiebel-itemid-6488740b6ccfdc5108a0896a
penny neuhausen,tiere ,angebote ,Penny Salzstangen,€0.59,250 g,€12.22/kg,https://wolt.com/en/deu/munich/venue/penny-neuhausen/penny-salzstangen-itemid-6488740b6ccfdc5108a0840f
penny neuhausen,tiere ,angebote ,Dr. Oetker Ristorante Pizza Mozzarella,€3.89,710 g,€12.22/kg,https://wolt.com/en/deu/munich/venue/penny-neuhausen/dr-oetker-ristorante-pizza-mozzarella-itemid-6488740b6ccfdc5108a08b12
penny neuhausen,tiere ,angebote ,Dr. Oetker Ristorante Pizza Salame 2 Stk,€3.89,640 g,€12.22/kg,https://wolt.com/en/deu/munich/venue/penny-neuhausen/dr-oetker-ristorante-pizza-salame-2-stk-itemid-6488740b6ccfdc5108a0808f
penny neuhausen,tiere ,angebote ,Dr. Oetker Ristorante Pizza Speciale,€3.89,690 g,€12.22/kg,https://wolt.com/en/deu/munich/venue/penny-neuhausen/dr-oetker-ristorante-pizza-speciale-itemid-6488740b6ccfdc5108a08af6
penny neuhausen,tiere ,angebote ,Dr. Oetker Ristorante Salame Mozzarella & Pesto 2 Stk,€3.89,720 g,€12.22/kg,https://wolt.com/en/deu/munich/venue/penny-neuhausen/dr-oetker-ristorante-salame-mozzarella-pesto-2-stk-itemid-6488740b6ccfdc5108a080f3
penny neuhausen,tiere ,angebote ,Dr. Oetker Ristorante Pizza Peperoni-Salame 2 Stk,€3.89,640 g,€12.22/kg,https://wolt.com/en/deu/munich/venue/penny-neuhausen/dr-oetker-ristorante-pizza-peperoni-salame-2-stk-itemid-6488740b6ccfdc5108a08d78
penny neuhausen,tiere ,angebote ,Dr. Oetker Ristorante Pizza Spinaci 2 Stk,€3.89,780 g,€12.22/kg,https://wolt.com/en/deu/munich/venue/penny-neuhausen/dr-oetker-ristorante-pizza-spinaci-2-stk-itemid-6488740b6ccfdc5108a080ba
penny neuhausen,tiere ,angebote ,Dr.Oetker Ristorante Pizza Tonno,€3.89,710 g,€12.22/kg,https://wolt.com/en/deu/munich/venue/penny-neuhausen/dr-oetker-ristorante-pizza-tonno-itemid-6488740b6ccfdc5108a08c3a
penny neuhausen,tiere ,katzen ,Purina Gourmet Gold Multipack 4 Stk,€2.29,340 g,€6.74/kg,https://wolt.com/en/deu/munich/venue/penny-neuhausen/purina-gourmet-gold-multipack-4-stk-itemid-6488740b6ccfdc5108a0897b
penny neuhausen,tiere ,katzen ,Purina Nassfutter Gourmet Gold Feine Komposition 4 Stk,€2.29,340 g,€6.74/kg,https://wolt.com/en/deu/munich/venue/penny-neuhausen/purina-nassfutter-gourmet-gold-feine-komposition-4-stk-itemid-6488740b6ccfdc5108a08846
penny neuhausen,tiere ,katzen ,Purina Gourmet Gold Mousse Multipack 4 Stk,€2.29,340 g,€6.74/kg,https://wolt.com/en/deu/munich/venue/penny-neuhausen/purina-gourmet-gold-mousse-multipack-4-stk-itemid-6488740b6ccfdc5108a08951
penny neuhausen,tiere ,katzen ,Felix `Soup` Geschmacksvielfalt aus dem Wasser 6 Stk,€2.25,288 g,€6.74/kg,https://wolt.com/en/deu/munich/venue/penny-neuhausen/felix-soup-geschmacksvielfalt-aus-dem-wasser-6-stk-itemid-6488740b6ccfdc5108a08b7a
penny neuhausen,tiere ,katzen ,Felix `Soup` Geschmacksvielfalt vom Land 6 Stk,€2.25,288 g,€6.74/kg,https://wolt.com/en/deu/munich/venue/penny-neuhausen/felix-soup-geschmacksvielfalt-vom-land-6-stk-itemid-6488740b6ccfdc5108a08b1e
penny neuhausen,tiere ,katzen ,Felix Tasty Shreds Geschmacksvielfalt aus dem Wasser ,€4.79,800 g,€6.74/kg,https://wolt.com/en/deu/munich/venue/penny-neuhausen/felix-tasty-shreds-geschmacksvielfalt-aus-dem-wasser-itemid-6488740b6ccfdc5108a08ba7
penny neuhausen,tiere ,katzen ,Felix Tasty Shreds Geschmacksvielfalt vom Land 10 Stk,€4.79,800 g,€6.74/kg,https://wolt.com/en/deu/munich/venue/penny-neuhausen/felix-tasty-shreds-geschmacksvielfalt-vom-land-10-stk-itemid-6488740b6ccfdc5108a08bb9
penny neuhausen,tiere ,katzen ,"Felix Snack für Katzen, Knabbermix, Grillspaß ",€1.09,60 g,€6.74/kg,https://wolt.com/en/deu/munich/venue/penny-neuhausen/felix-snack-fur-katzen-knabbermix-grillspass-itemid-6488740b6ccfdc5108a0888c
penny neuhausen,tiere ,katzen ,"Felix KnabberMix Original mit Huhn-, Leber- & Truthahngeschmack ",€1.09,60 g,€6.74/kg,https://wolt.com/en/deu/munich/venue/penny-neuhausen/felix-knabbermix-original-mit-huhn-leber-truthahngeschmack-itemid-6488740b6ccfdc5108a0874a
penny neuhausen,tiere ,katzen ,Lucky Cat Schleck-Snack 8 Stk,€1.29,120 g,€6.74/kg,https://wolt.com/en/deu/munich/venue/penny-neuhausen/lucky-cat-schleck-snack-8-stk-itemid-6488740b6ccfdc5108a0837b
penny neuhausen,tiere ,katzen ,Lucky Cat 15 Mahlzeiten Stückchen in Gelee 1500g,€3.19,1.5 kg,€6.74/kg,https://wolt.com/en/deu/munich/venue/penny-neuhausen/lucky-cat-15-mahlzeiten-stuckchen-in-gelee-1500g-itemid-6488740b6ccfdc5108a08f76
penny neuhausen,tiere ,katzen ,Lucky Cat Katzenmilch 200ml,€1.15,200 ml,€6.74/kg,https://wolt.com/en/deu/munich/venue/penny-neuhausen/lucky-cat-katzenmilch-200ml-itemid-6488740b6ccfdc5108a08fa3
penny neuhausen,tiere ,katzen ,Lucky Cat Schleck-Snack 120g,€1.29,120 g,€6.74/kg,https://wolt.com/en/deu/munich/venue/penny-neuhausen/lucky-cat-schleck-snack-120g-itemid-6488740b6ccfdc5108a08fa4
penny neuhausen,tiere ,katzen ,Lucky Cat Filetstückchen 85g,€0.59,85 g,€6.74/kg,https://wolt.com/en/deu/munich/venue/penny-neuhausen/lucky-cat-filetstuckchen-85g-itemid-6488740b6ccfdc5108a08fac
penny neuhausen,tiere ,katzen ,Lucky Cat Knusperkissen 70g,€0.49,70 g,€6.74/kg,https://wolt.com/en/deu/munich/venue/penny-neuhausen/lucky-cat-knusperkissen-70g-itemid-6488740b6ccfdc5108a08fae
penny neuhausen,tiere ,katzen ,ZooRoyal Katzen Grilies 40g,€1.29,40 g,€6.74/kg,https://wolt.com/en/deu/munich/venue/penny-neuhausen/zooroyal-katzen-grilies-40g-itemid-6488740b6ccfdc5108a08f91
penny neuhausen,tiere ,katzen ,ZooRoyal Delikate Stückhen 400g,€0.99,400 g,€6.74/kg,https://wolt.com/en/deu/munich/venue/penny-neuhausen/zooroyal-delikate-stuckhen-400g-itemid-6488740b6ccfdc5108a08f96
penny neuhausen,tiere ,katzen ,ZooRoyal Delikate Stückhen 400g,€0.99,400 g,€6.74/kg,https://wolt.com/en/deu/munich/venue/penny-neuhausen/zooroyal-delikate-stuckhen-400g-itemid-6488740b6ccfdc5108a08f95
penny neuhausen,tiere ,katzen ,ZooRoyal Delikate Stückchen 400g,€0.99,400 g,€6.74/kg,https://wolt.com/en/deu/munich/venue/penny-neuhausen/zooroyal-delikate-stuckchen-400g-itemid-6488740b6ccfdc5108a08f94
penny neuhausen,tiere ,katzen ,ZooRoyal Katzen Grillies 40g,€1.29,40 g,€6.74/kg,https://wolt.com/en/deu/munich/venue/penny-neuhausen/zooroyal-katzen-grillies-40g-itemid-6488740b6ccfdc5108a08f9d
penny neuhausen,tiere ,katzen ,WHISKAS® Karton Trocken 1+ mit Thunfisch 800g,€2.99,800 g,€6.74/kg,https://wolt.com/en/deu/munich/venue/penny-neuhausen/whiskas-karton-trocken-1-mit-thunfisch-800g-itemid-6488740b6ccfdc5108a0911c
penny neuhausen,tiere ,katzen ,Whiskas Katzen-Trockenfutter mit Huhn,€2.99,800 g,€6.74/kg,https://wolt.com/en/deu/munich/venue/penny-neuhausen/whiskas-katzen-trockenfutter-mit-huhn-itemid-6488740b6ccfdc5108a09104
penny neuhausen,tiere ,katzen ,Katzensnacks,€0.49,70 g,€6.74/kg,https://wolt.com/en/deu/munich/venue/penny-neuhausen/katzensnacks-itemid-6488740b6ccfdc5108a090ed
penny neuhausen,tiere ,katzen ,Lucky Cat Stücke In Exquisite Gelee,€3.19,1.5 kg,€6.74/kg,https://wolt.com/en/deu/munich/venue/penny-neuhausen/lucky-cat-stucke-in-exquisite-gelee-itemid-6548d095043dd4924186a94e
penny neuhausen,tiere ,katzen ,Lucky Cat Stücke In Sauce,€3.19,1.5 kg,€6.74/kg,https://wolt.com/en/deu/munich/venue/penny-neuhausen/lucky-cat-stucke-in-sauce-itemid-6548d095043dd4924186a92b
penny neuhausen,tiere ,katzen ,Lucky Cat Rindfleisch In Sauce,€0.59,85 g,€6.74/kg,https://wolt.com/en/deu/munich/venue/penny-neuhausen/lucky-cat-rindfleisch-in-sauce-itemid-6548d095043dd4924186a92c
penny neuhausen,tiere ,katzen ,Lucky Cat Putenfleisch In Sauce,€0.59,85 g,€6.74/kg,https://wolt.com/en/deu/munich/venue/penny-neuhausen/lucky-cat-putenfleisch-in-sauce-itemid-6548d095043dd4924186a925
penny neuhausen,tiere ,katzen ,Lucky Cat Knabbersticks Seelachs,€0.95,50 g,€6.74/kg,https://wolt.com/en/deu/munich/venue/penny-neuhausen/lucky-cat-knabbersticks-seelachs-itemid-6548d095043dd4924186a93f
penny neuhausen,tiere ,katzen ,Lucky Cat Knabbersticks,€0.95,50 g,€6.74/kg,https://wolt.com/en/deu/munich/venue/penny-neuhausen/lucky-cat-knabbersticks-itemid-6548d095043dd4924186a93c
penny neuhausen,tiere ,katzen ,Lucky Cat Multipack Fisch Msc,€3.19,1.5 kg,€6.74/kg,https://wolt.com/en/deu/munich/venue/penny-neuhausen/lucky-cat-multipack-fisch-msc-itemid-6548d095043dd4924186a9da
penny neuhausen,tiere ,katzen ,Lucky Cat 70G Beutel Knusperk Rind+Malz,€0.49,,€6.74/kg,https://wolt.com/en/deu/munich/venue/penny-neuhausen/lucky-cat-70g-beutel-knusperk-rind-malz-itemid-6548d095043dd4924186a9c5
penny neuhausen,tiere ,katzen ,Purina Felix Gemischte Vielfalt mit Gemüse 12 Stk,€4.79,1.02 kg,€6.74/kg,https://wolt.com/en/deu/munich/venue/penny-neuhausen/purina-felix-gemischte-vielfalt-mit-gemuse-12-stk-itemid-6488740b6ccfdc5108a0810d
penny neuhausen,tiere ,katzen ,Felix Katzennassfutter Geschmacksvielfalt vom Land ,€4.79,1.02 kg,€6.74/kg,https://wolt.com/en/deu/munich/venue/penny-neuhausen/felix-katzennassfutter-geschmacksvielfalt-vom-land-itemid-6488740b6ccfdc5108a08b33
sri balaji indian market mnchen,tiefkuhl ,fleisch gefugel ,Wiesenhof Hähnchenschenkel,€5.70,1 kg,€5.70/kg,https://wolt.com/en/deu/munich/venue/sri-balaji-indian-market-mnchen/wiesenhof-hahnchenschenkel-itemid-64b65b0b9f8651f346451746
sri balaji indian market mnchen,tiefkuhl ,fleisch gefugel ,Hofgut Ganze Brathähnchen,€6.99,1.2 kg,€5.70/kg,https://wolt.com/en/deu/munich/venue/sri-balaji-indian-market-mnchen/hofgut-ganze-brathahnchen-itemid-64b65b0b9f8651f34645174a
sri balaji indian market mnchen,tiefkuhl ,fleisch gefugel ,Jeden Tag Putenbrustfilet Natur,€7.37,500 g,€5.70/kg,https://wolt.com/en/deu/munich/venue/sri-balaji-indian-market-mnchen/jeden-tag-putenbrustfilet-natur-itemid-64b65b0b9f8651f346451749
sri balaji indian market mnchen,tiefkuhl ,fleisch gefugel ,Jeden Tag Hähnchenbrustfilet Natur,€7.49,500 g,€5.70/kg,https://wolt.com/en/deu/munich/venue/sri-balaji-indian-market-mnchen/jeden-tag-hahnchenbrustfilet-natur-itemid-64ba924d64ce3d749aa950eb
sri balaji indian market mnchen,tiefkuhl ,fleisch gefugel ,Jeden Tag Chicken Wings Mariniert,€6.18,750 g,€5.70/kg,https://wolt.com/en/deu/munich/venue/sri-balaji-indian-market-mnchen/jeden-tag-chicken-wings-mariniert-itemid-64ba924d64ce3d749aa950ec
sri balaji indian market mnchen,tiefkuhl ,fisch meeresfruchte ,Sea Side Alaska Seelachsfilet,€5.46,400 g,€13.65/kg,https://wolt.com/en/deu/munich/venue/sri-balaji-indian-market-mnchen/sea-side-alaska-seelachsfilet-itemid-64b65b0b9f8651f34645175b
sri balaji indian market mnchen,tiefkuhl ,fisch meeresfruchte ,Jeden Tag Fischstäbchen,€4.75,450 g,€13.65/kg,https://wolt.com/en/deu/munich/venue/sri-balaji-indian-market-mnchen/jeden-tag-fischstabchen-itemid-64ba924d64ce3d749aa950f0
sri balaji indian market mnchen,tiefkuhl ,fisch meeresfruchte ,Jeden Tag Schlemmerfilet Bordelaise,€4.99,400 g,€13.65/kg,https://wolt.com/en/deu/munich/venue/sri-balaji-indian-market-mnchen/jeden-tag-schlemmerfilet-bordelaise-itemid-64b65b0b9f8651f34645175a
sri balaji indian market mnchen,tiefkuhl ,fertiggerichte ,Iglo Chicken Nuggets Classic,€3.80,250 g,€15.20/kg,https://wolt.com/en/deu/munich/venue/sri-balaji-indian-market-mnchen/iglo-chicken-nuggets-classic-itemid-64b65b0b9f8651f346451745
sri balaji indian market mnchen,tiefkuhl ,fertiggerichte ,Iglo Feine Landschnitzel nach Wiener Art,€6.41,350 g,€15.20/kg,https://wolt.com/en/deu/munich/venue/sri-balaji-indian-market-mnchen/iglo-feine-landschnitzel-nach-wiener-art-itemid-64b65b0b9f8651f34645175c
sri balaji indian market mnchen,tiefkuhl ,fertiggerichte ,Iglo Gemüse-Ideen Asia Wok Mix,€3.56,480 g,€15.20/kg,https://wolt.com/en/deu/munich/venue/sri-balaji-indian-market-mnchen/iglo-gemuse-ideen-asia-wok-mix-itemid-64b65b0b9f8651f346451760
sri balaji indian market mnchen,tiefkuhl ,kartoffelspeisen ,McCain 1.2.3 Frites Original,€2.96,750 g,€3.95/kg,https://wolt.com/en/deu/munich/venue/sri-balaji-indian-market-mnchen/mccain-1-2-3-frites-original-itemid-64b65b0b9f8651f346451754
sri balaji indian market mnchen,tiefkuhl ,kartoffelspeisen ,McCain Smiles,€2.01,450 g,€3.95/kg,https://wolt.com/en/deu/munich/venue/sri-balaji-indian-market-mnchen/mccain-smiles-itemid-64b65b0b9f8651f346451755
sri balaji indian market mnchen,tiefkuhl ,kartoffelspeisen ,McCain Kroketten,€2.37,500 g,€3.95/kg,https://wolt.com/en/deu/munich/venue/sri-balaji-indian-market-mnchen/mccain-kroketten-itemid-64b65b0b9f8651f346451756
sri balaji indian market mnchen,tiefkuhl ,kartoffelspeisen ,McCain Rösti,€2.37,550 g,€3.95/kg,https://wolt.com/en/deu/munich/venue/sri-balaji-indian-market-mnchen/mccain-rosti-itemid-64b65b0b9f8651f346451757
sri balaji indian market mnchen,tiefkuhl ,kartoffelspeisen ,McCain Country Potatoes Classic,€2.84,600 g,€3.95/kg,https://wolt.com/en/deu/munich/venue/sri-balaji-indian-market-mnchen/mccain-country-potatoes-classic-itemid-64b65b0b9f8651f346451758
sri balaji indian market mnchen,tiefkuhl ,fruchte ,Omega  Beerencocktail,€2.37,300 g,€7.90/kg,https://wolt.com/en/deu/munich/venue/sri-balaji-indian-market-mnchen/omega-beerencocktail-itemid-64b65b0b9f8651f34645175f
sri balaji indian market mnchen,tiefkuhl ,gemuse krauter ,Jeden Tag Rahmspinat,€0.89,450 g,€1.98/kg,https://wolt.com/en/deu/munich/venue/sri-balaji-indian-market-mnchen/jeden-tag-rahmspinat-itemid-64ba924d64ce3d749aa950f1
sri balaji indian market mnchen,tiefkuhl ,gemuse krauter ,Jeden Tag Buttergemüse,€1.42, 300 g,€1.98/kg,https://wolt.com/en/deu/munich/venue/sri-balaji-indian-market-mnchen/jeden-tag-buttergemuse-itemid-64ba924d64ce3d749aa950f2
sri balaji indian market mnchen,tiefkuhl ,gemuse krauter ,Hofgut Junge Erbsen,€2.01,450 g,€1.98/kg,https://wolt.com/en/deu/munich/venue/sri-balaji-indian-market-mnchen/hofgut-junge-erbsen-itemid-64ba924d64ce3d749aa950f3
sri balaji indian market mnchen,tiefkuhl ,gemuse krauter ,Iglo Feld Frisch Broccoli-Röschen,€3.08,400 g,€1.98/kg,https://wolt.com/en/deu/munich/venue/sri-balaji-indian-market-mnchen/iglo-feld-frisch-broccoli-roschen-itemid-64b65b0b9f8651f346451761
sri balaji indian market mnchen,konserven ,fertiggerichte ,Jeden Tag Ravioli in Tomatensauce,€2.32,800 g,€2.90/kg,https://wolt.com/en/deu/munich/venue/sri-balaji-indian-market-mnchen/jeden-tag-ravioli-in-tomatensauce-itemid-64ba924d64ce3d749aa95111
sri balaji indian market mnchen,nusse trockenfruchte ,trockenfruchte ,Märsch Import Sultaninen,€1.65,250 g,€6.60/kg,https://wolt.com/en/deu/munich/venue/sri-balaji-indian-market-mnchen/marsch-import-sultaninen-itemid-64ba924d64ce3d749aa95119
sri balaji indian market mnchen,nusse trockenfruchte ,nusse kerne ,Clasen Bio Walnusskerne,€4.27,150 g,€28.47/kg,https://wolt.com/en/deu/munich/venue/sri-balaji-indian-market-mnchen/clasen-bio-walnusskerne-itemid-64b65b0b9f8651f34645182d
sri balaji indian market mnchen,tiefkuhl ,pizza ,Jeden Tag Pizza Margherita 3er,€4.39,900 g,€4.88/kg,https://wolt.com/en/deu/munich/venue/sri-balaji-indian-market-mnchen/jeden-tag-pizza-margherita-3er-itemid-64ba924d64ce3d749aa950ee
sri balaji indian market mnchen,tiefkuhl ,pizza ,Jeden Tag Steinofenpizza Speciale 2er,€4.15,700 g,€4.88/kg,https://wolt.com/en/deu/munich/venue/sri-balaji-indian-market-mnchen/jeden-tag-steinofenpizza-speciale-2er-itemid-64ba924d64ce3d749aa950ef
sri balaji indian market mnchen,tiefkuhl ,pizza ,Original Wagner Steinofen Pizza Peperoni,€3.80,320 g,€4.88/kg,https://wolt.com/en/deu/munich/venue/sri-balaji-indian-market-mnchen/original-wagner-steinofen-pizza-peperoni-itemid-64b65b0b9f8651f346451751
sri balaji indian market mnchen,tiefkuhl ,pizza ,Original Wagner Steinofen Pizza Vegetaria,€3.80,380 g,€4.88/kg,https://wolt.com/en/deu/munich/venue/sri-balaji-indian-market-mnchen/original-wagner-steinofen-pizza-vegetaria-itemid-64b65b0b9f8651f34645174f
sri balaji indian market mnchen,tiefkuhl ,pizza ,Dr. Oetker Ristorante Pizza Spinaci,€4.03,390 g,€4.88/kg,https://wolt.com/en/deu/munich/venue/sri-balaji-indian-market-mnchen/dr-oetker-ristorante-pizza-spinaci-itemid-64b65b0b9f8651f346451752
sri balaji indian market mnchen,tiefkuhl ,pizza ,Original Wagner Steinofen Pizza Diavolo,€3.80,350 g,€4.88/kg,https://wolt.com/en/deu/munich/venue/sri-balaji-indian-market-mnchen/original-wagner-steinofen-pizza-diavolo-itemid-64b65b0b9f8651f346451750
sri balaji indian market mnchen,tiefkuhl ,pizza ,Dr. Oetker Ristorante Pizza Funghi,€4.03,365 g,€4.88/kg,https://wolt.com/en/deu/munich/venue/sri-balaji-indian-market-mnchen/dr-oetker-ristorante-pizza-funghi-itemid-64b65b0b9f8651f346451753
sri balaji indian market mnchen,tiefkuhl ,pizza ,Original Wagner Steinofen Pizza Mozzarella,€3.80,350 g,€4.88/kg,https://wolt.com/en/deu/munich/venue/sri-balaji-indian-market-mnchen/original-wagner-steinofen-pizza-mozzarella-itemid-64b65b0b9f8651f34645174e
sri balaji indian market mnchen,konserven ,eintopfe und suppen ,Jeden Tag Linseneintopf mit Schweinefleisch,€2.61,800 g,€3.26/kg,https://wolt.com/en/deu/munich/venue/sri-balaji-indian-market-mnchen/jeden-tag-linseneintopf-mit-schweinefleisch-itemid-64ba924d64ce3d749aa9510f
sri balaji indian market mnchen,konserven ,eintopfe und suppen ,Jeden Tag Tomatenrahmsuppe,€1.42,400 g,€3.26/kg,https://wolt.com/en/deu/munich/venue/sri-balaji-indian-market-mnchen/jeden-tag-tomatenrahmsuppe-itemid-64ba924d64ce3d749aa95110
sri balaji indian market mnchen,konserven ,tomaten tomatensaucen ,Jeden Tag Schältomaten,€1.30,400 g,€3.25/kg,https://wolt.com/en/deu/munich/venue/sri-balaji-indian-market-mnchen/jeden-tag-schaltomaten-itemid-64ba924d64ce3d749aa9510d
sri balaji indian market mnchen,konserven ,obst ,Jeden Tag Mandarin-Orangen,€1.77,312 g,€5.67/kg,https://wolt.com/en/deu/munich/venue/sri-balaji-indian-market-mnchen/jeden-tag-mandarin-orangen-itemid-64ba924d64ce3d749aa95128
sri balaji indian market mnchen,konserven ,obst ,Jeden Tag Ananasstücke,€2.25,560 g,€5.67/kg,https://wolt.com/en/deu/munich/venue/sri-balaji-indian-market-mnchen/jeden-tag-ananasstucke-itemid-64ba924d64ce3d749aa95129
sri balaji indian market mnchen,konserven ,obst ,Hofgut Apfelmus Fein Püriert,€1.30,370 ml,€5.67/kg,https://wolt.com/en/deu/munich/venue/sri-balaji-indian-market-mnchen/hofgut-apfelmus-fein-puriert-itemid-64ba924d64ce3d749aa9512a
sri balaji indian market mnchen,konserven ,eingelegte gurken co ,Filderstadt Weinsauerkraut,€1.65,770 g,€2.14/kg,https://wolt.com/en/deu/munich/venue/sri-balaji-indian-market-mnchen/filderstadt-weinsauerkraut-itemid-64ba924d64ce3d749aa95127
sri balaji indian market mnchen,konserven ,eingelegte gurken co ,Fischer Cornichons,€1.89,190 g,€2.14/kg,https://wolt.com/en/deu/munich/venue/sri-balaji-indian-market-mnchen/fischer-cornichons-itemid-64b65b0b9f8651f3464517ec
sri balaji indian market mnchen,konserven ,eingelegte gurken co ,Kühne Rote Bete,€1.77,220 g,€2.14/kg,https://wolt.com/en/deu/munich/venue/sri-balaji-indian-market-mnchen/kuhne-rote-bete-itemid-64b65b0b9f8651f3464517f9
sri balaji indian market mnchen,konserven ,gemuse ,Jeden Tag Stangenspargel,€3.32,370 ml,€8.97/l,https://wolt.com/en/deu/munich/venue/sri-balaji-indian-market-mnchen/jeden-tag-stangenspargel-itemid-64ba924d64ce3d749aa9512b
sri balaji indian market mnchen,konserven ,gemuse ,Jeden Tag Kidneybohnen,€1.13,400 g,€8.97/l,https://wolt.com/en/deu/munich/venue/sri-balaji-indian-market-mnchen/jeden-tag-kidneybohnen-itemid-64ba924d64ce3d749aa9512c
sri balaji indian market mnchen,konserven ,gemuse ,Hofgut Feine Brechbohnen,€1.77,720 ml,€8.97/l,https://wolt.com/en/deu/munich/venue/sri-balaji-indian-market-mnchen/hofgut-feine-brechbohnen-itemid-64ba924d64ce3d749aa9512d
sri balaji indian market mnchen,konserven ,gemuse ,Jeden Tag Junge Erbsen Sehr Fein,€1.30,400 g,€8.97/l,https://wolt.com/en/deu/munich/venue/sri-balaji-indian-market-mnchen/jeden-tag-junge-erbsen-sehr-fein-itemid-64ba924d64ce3d749aa9512e
sri balaji indian market mnchen,konserven ,gemuse ,Jeden Tag Erbsen mit Möhren,€2.37,800 g,€8.97/l,https://wolt.com/en/deu/munich/venue/sri-balaji-indian-market-mnchen/jeden-tag-erbsen-mit-mohren-itemid-64ba924d64ce3d749aa9512f
sri balaji indian market mnchen,konserven ,gemuse ,Fischer Rote Beete,€1.25,220 g,€8.97/l,https://wolt.com/en/deu/munich/venue/sri-balaji-indian-market-mnchen/fischer-rote-beete-itemid-64b65b0b9f8651f3464517ed
sri balaji indian market mnchen,konserven ,gemuse ,Kühne Jalapeño,€2.84,165 g,€8.97/l,https://wolt.com/en/deu/munich/venue/sri-balaji-indian-market-mnchen/kuhne-jalapeno-itemid-64b65b0b9f8651f3464517ef
sri balaji indian market mnchen,konserven ,gemuse ,Bonduelle Weisse Bohnen,€1.89,250 g,€8.97/l,https://wolt.com/en/deu/munich/venue/sri-balaji-indian-market-mnchen/bonduelle-weisse-bohnen-itemid-64b65b0b9f8651f3464517f5
sri balaji indian market mnchen,saucen ole gewurze ,fonds bruhe ,Bio Zentrale Gemüsebrühe,€2.49,7.5 l,€0.33/l,https://wolt.com/en/deu/munich/venue/sri-balaji-indian-market-mnchen/bio-zentrale-gemusebruhe-itemid-64b65b0b9f8651f3464517c7
sri balaji indian market mnchen,saucen ole gewurze ,gewurze ,Jeden Tag Jodiertes Speisesalz,€0.35,500 g,€0.70/kg,https://wolt.com/en/deu/munich/venue/sri-balaji-indian-market-mnchen/jeden-tag-jodiertes-speisesalz-itemid-64ba924d64ce3d749aa950fd
sri balaji indian market mnchen,saucen ole gewurze ,gewurze ,Jeden Tag Tafelsalz,€0.30,500 g,€0.70/kg,https://wolt.com/en/deu/munich/venue/sri-balaji-indian-market-mnchen/jeden-tag-tafelsalz-itemid-64ba924d64ce3d749aa950fe
sri balaji indian market mnchen,saucen ole gewurze ,gewurze ,Maggi Würze,€2.49,125 g,€0.70/kg,https://wolt.com/en/deu/munich/venue/sri-balaji-indian-market-mnchen/maggi-wurze-itemid-64b65b0b9f8651f34645177e
sri balaji indian market mnchen,saucen ole gewurze ,gewurze ,Ostmann Pommes Gewürzsalz Klassisch,€2.49,70 g,€0.70/kg,https://wolt.com/en/deu/munich/venue/sri-balaji-indian-market-mnchen/ostmann-pommes-gewurzsalz-klassisch-itemid-64b65b0b9f8651f346451781
sri balaji indian market mnchen,saucen ole gewurze ,gewurze ,Ostmann Pizza-Gewürz,€2.49,15 g,€0.70/kg,https://wolt.com/en/deu/munich/venue/sri-balaji-indian-market-mnchen/ostmann-pizza-gewurz-itemid-64b65b0b9f8651f346451782
sri balaji indian market mnchen,saucen ole gewurze ,gewurze ,Ostmann Steak & Grill Gewürzsalz,€2.49,60 g,€0.70/kg,https://wolt.com/en/deu/munich/venue/sri-balaji-indian-market-mnchen/ostmann-steak-grill-gewurzsalz-itemid-64b65b0b9f8651f346451783
sri balaji indian market mnchen,saucen ole gewurze ,gewurze ,Ostmann Cayennepfeffer Gemahlen,€2.73,40 g,€0.70/kg,https://wolt.com/en/deu/munich/venue/sri-balaji-indian-market-mnchen/ostmann-cayennepfeffer-gemahlen-itemid-64b65b0b9f8651f346451784
sri balaji indian market mnchen,saucen ole gewurze ,gewurze ,Ostmann Brathähnchen Gewürzsalz,€3.56,125 g,€0.70/kg,https://wolt.com/en/deu/munich/venue/sri-balaji-indian-market-mnchen/ostmann-brathahnchen-gewurzsalz-itemid-64b65b0b9f8651f346451785
sri balaji indian market mnchen,saucen ole gewurze ,gewurze ,Bad Reichenhaller Alpen Jodsalz mit Fluorid,€1.13,500 g,€0.70/kg,https://wolt.com/en/deu/munich/venue/sri-balaji-indian-market-mnchen/bad-reichenhaller-alpen-jodsalz-mit-fluorid-itemid-64b65b0b9f8651f34645177b
sri balaji indian market mnchen,saucen ole gewurze ,gewurze ,Kühne Röstzwiebeln,€2.13,100 g,€0.70/kg,https://wolt.com/en/deu/munich/venue/sri-balaji-indian-market-mnchen/kuhne-rostzwiebeln-itemid-64b65b0b9f8651f3464517dc
sri balaji indian market mnchen,saucen ole gewurze ,wurzsaucen ,Kühne Cocktail-Sauce,€1.89,250 ml,€7.56/l,https://wolt.com/en/deu/munich/venue/sri-balaji-indian-market-mnchen/kuhne-cocktail-sauce-itemid-64b65b0b9f8651f3464517b0
sri balaji indian market mnchen,saucen ole gewurze ,wurzsaucen ,Kühne Barbecue-Sauce,€1.89,250 ml,€7.56/l,https://wolt.com/en/deu/munich/venue/sri-balaji-indian-market-mnchen/kuhne-barbecue-sauce-itemid-64b65b0b9f8651f3464517b1
sri balaji indian market mnchen,saucen ole gewurze ,wurzsaucen ,Kühne Curry-Sauce,€1.89,250 ml,€7.56/l,https://wolt.com/en/deu/munich/venue/sri-balaji-indian-market-mnchen/kuhne-curry-sauce-itemid-64b65b0b9f8651f3464517b2
sri balaji indian market mnchen,saucen ole gewurze ,wurzsaucen ,Oro di Parma Pizzasauce Pikant,€2.61,400 g,€7.56/l,https://wolt.com/en/deu/munich/venue/sri-balaji-indian-market-mnchen/oro-di-parma-pizzasauce-pikant-itemid-64b65b0b9f8651f3464517b3
sri balaji indian market mnchen,saucen ole gewurze ,wurzsaucen ,Thomy Les Sauces Hollandaise,€2.13,250 ml,€7.56/l,https://wolt.com/en/deu/munich/venue/sri-balaji-indian-market-mnchen/thomy-les-sauces-hollandaise-itemid-64b65b0b9f8651f3464517ae
